component_id,source_key,name,group,finish,is_valid,is_closed,is_manifold,is_oriented,is_solid,disjoint_pieces,naked_edge_polylines,naked_edge_length_m,area_m2,volume_m3,volume_reason,uv_count,uv_source
a543db5c-fcd0-5fef-a748-210a46b4c2c7,vmu_cad.glb/node/14/primitive/0,VMU01|Middle transom,VMU01,AL_T02,True,True,False,False,False,1,0,0.0,18.02158777191253,,non-manifold mesh; volume omitted,1340,world_projection_m
3aa85064-f1ab-57fb-bbf7-95dcf8e09cc0,vmu_cad.glb/node/15/primitive/0,VMU01|Ceiling,VMU01,WHITE,True,False,True,True,False,3,3,84.34994437700831,153.0810668240576,,open mesh; volume omitted,60,world_projection_m
6a306e73-447d-5d6b-a69f-c816615896e4,vmu_cad.glb/node/16/primitive/0,VMU01|Interior finish,VMU01,WHITE,True,False,True,True,False,5,2,56.23329625133888,123.54364456814342,,open mesh; volume omitted,141,world_projection_m
988d8554-4b6f-5cab-b552-ac8632f8d90d,vmu_cad.glb/node/18/primitive/0,"VMU01|Plywood infill, grid-2 face",VMU01,PLYWOOD,True,False,True,True,False,2,2,26.530006998999372,17.883756587808158,,open mesh; volume omitted,8,world_projection_m
aa8a9ca3-8124-5cb6-8426-4bae9db36bbe,vmu_cad.glb/node/19/primitive/0,VMU01|Minor transoms,VMU01,AL_T02,True,True,False,False,False,3,0,0.0,27.43993743206615,,non-manifold mesh; volume omitted,3727,world_projection_m
eca1d1f9-10ad-55b9-b4d0-123f10200c2c,vmu_cad.glb/node/20/primitive/0,VMU01|Roof coping RAL9016,VMU01,AL_RAL9016,True,False,False,False,False,8,12,13.330727644880124,61.57903318159305,,open mesh; volume omitted,4412,world_projection_m
e2230715-c236-5568-a4db-a57f56b46395,vmu_cad.glb/node/21/primitive/0,VMU01|Closure aluminium panels,VMU01,AL_T02,True,True,False,False,False,1,0,0.0,14.841204640770092,,non-manifold mesh; volume omitted,96,world_projection_m
3df87261-9942-5a2e-8698-96158e563b3c,vmu_cad.glb/node/22/primitive/0,VMU01|Balustrade,VMU01,SS_BRUSHED,True,True,False,False,False,10,0,0.0,2.536682076172795,,non-manifold mesh; volume omitted,672,world_projection_m
e312bc7d-6a30-5d08-a9e8-a168beb3d47b,vmu_cad.glb/node/23/primitive/0,VMU01|Balcony closure (12 mm plywood),VMU01,PLYWOOD,True,True,False,False,False,4,0,0.0,38.50175199162013,,non-manifold mesh; volume omitted,204,world_projection_m
57aa223e-be41-5d75-93a4-b7b34add831f,vmu_cad.glb/node/24/primitive/0,VMU01|Transoms,VMU01,AL_T02,True,True,False,False,False,27,0,0.0,231.89435804609454,,non-manifold mesh; volume omitted,8732,world_projection_m
970fcf8f-4ea3-5c0b-9246-b3b650cd9cb4,vmu_cad.glb/node/25/primitive/0,VMU01|Glass panels,VMU01,GL01_VISION,True,False,True,True,False,5,3,102.59974905072515,93.1705036262567,,open mesh; volume omitted,204,world_projection_m
0d1ab01c-ede2-5c94-bfc1-755bcba45c4f,vmu_cad.glb/node/26/primitive/0,VMU01|Glass panels GL02 (vision),VMU01,GL01_VISION,True,False,True,True,False,2,2,13.50000660647383,5.06250371614153,,open mesh; volume omitted,8,world_projection_m
d247fe25-8b59-50e5-a761-5d77adf3c30c,vmu_cad.glb/node/27/primitive/0,"VMU01|Louvre panels TYPE 8 (1946 high, 24 blades @75)",VMU01,AL_T02,True,False,False,False,False,229,432,151.7670174828595,99.96744284939246,,open mesh; volume omitted,11328,world_projection_m
e233f66f-5a76-5fad-b1f7-a21dc03ebbc2,vmu_cad.glb/node/28/primitive/0,VMU01|Mullions,VMU01,AL_T02,True,True,True,True,True,17,0,0.0,107.86122443082783,3.4902993761353964,"solid mesh; geometric volume, not a fabrication take-off",432,world_projection_m
2a3d9e19-1184-56f6-b77a-9077f07f3ddc,vmu_cad.glb/node/31/primitive/0,VMU01|Decorative fins,VMU01,AL_RAL7038,True,False,False,False,False,197,570,777.3061872881929,436.23028782428094,,open mesh; volume omitted,80021,world_projection_m
f4c5b50c-e3d7-586b-8435-fc043629eb1c,vmu_cad.glb/node/32/primitive/0,VMU01|Fin cover panels,VMU01,AL_RAL7038,True,False,False,False,False,25,51,246.6761248429152,160.2728677728475,,open mesh; volume omitted,9616,world_projection_m
e47594e4-c551-5424-a311-af3820ff4bd1,vmu_cad.glb/node/40/primitive/0,VMU01|Aluminium back panel,VMU01,AL_T01,True,False,True,True,False,3,4,9.679539134199318,63.756185395632144,,open mesh; volume omitted,3408,world_projection_m
763a861f-dd85-5780-a426-c69d0aa21d26,vmu_cad.glb/node/41/primitive/0,VMU03|Aluminium profiles,VMU03,AL_RAL7038,True,True,True,True,True,4,0,0.0,0.6320100893118096,0.0009059894800217151,"solid mesh; geometric volume, not a fabrication take-off",144,world_projection_m
713b2775-3c7b-5d6e-add1-00bba1d37cde,vmu_cad.glb/node/42/primitive/0,VMU03|Aluminium profiles / Triangular profiles,VMU03,AL_RAL7038,True,True,True,True,True,76,0,0.0,21.869798507725545,0.017724790079769133,"solid mesh; geometric volume, not a fabrication take-off",32029,world_projection_m
d92fd776-ac77-5ba0-a0d8-3f5feb8f2dab,vmu_cad.glb/node/43/primitive/0,VMU03|Aluminium profiles / Profile type 01,VMU03,AL_RAL7038,True,False,False,False,False,21,27,0.16491416968424777,76.36286634775308,,open mesh; volume omitted,150265,world_projection_m
a1e5b6dd-4d24-52e3-b9b0-866abcb193d7,vmu_cad.glb/node/44/primitive/0,VMU03|Aluminium profiles / Profile type 02,VMU03,AL_RAL7038,True,False,True,True,False,22,24,0.0037737625153613256,86.08458586943233,,open mesh; volume omitted,235715,world_projection_m
02d4ba4a-eca2-5162-9bb1-b863feedec32,vmu_cad.glb/node/45/primitive/0,VMU03|Aluminium profiles / Profile type 03,VMU03,AL_RAL7038,True,True,False,False,False,21,0,0.0,65.60745417049537,,non-manifold mesh; volume omitted,136993,world_projection_m
38f814a7-25f8-55db-91e8-744e247c7959,vmu_cad.glb/node/46/primitive/0,VMU03|Aluminium profiles / Profile type 04,VMU03,AL_RAL7038,True,False,True,True,False,21,173,0.02536279296875,42.762078011663036,,open mesh; volume omitted,143886,world_projection_m
8e98c2eb-aef5-566c-b468-24322f7c81e2,vmu_cad.glb/node/47/primitive/0,VMU03|Aluminium profiles / Profile type 05,VMU03,AL_RAL7038,True,True,False,False,False,12,0,0.0,48.21437358458352,,non-manifold mesh; volume omitted,72398,world_projection_m
55b748e4-3bec-58c1-8690-91f3a47ed402,vmu_cad.glb/node/48/primitive/0,VMU03|Aluminium profiles / Profile type 06,VMU03,AL_RAL7038,True,True,True,True,True,12,0,0.0,56.04461606039626,0.0746950294315033,"solid mesh; geometric volume, not a fabrication take-off",104323,world_projection_m
5cd5b659-c593-5358-9303-bd1964850b20,vmu_cad.glb/node/49/primitive/0,VMU03|Aluminium profiles / Profile type 07,VMU03,AL_RAL7038,True,True,False,False,False,36,0,0.0,75.4455498457744,,non-manifold mesh; volume omitted,138836,world_projection_m
09f76907-4258-5324-938a-fd32acd91a17,vmu_cad.glb/node/50/primitive/0,VMU03|Aluminium profiles / Profile type 08,VMU03,AL_RAL7038,True,True,True,True,True,12,0,0.0,6.232966655090937,0.006168199825352907,"solid mesh; geometric volume, not a fabrication take-off",33908,world_projection_m
c5f8be06-f97b-53f3-92de-fc3d5e1620b3,vmu_cad.glb/node/51/primitive/0,VMU03|Aluminium profiles / Profile type 09,VMU03,AL_RAL7038,True,False,True,True,False,12,3,8.7890625e-05,1.4953789725797726,,open mesh; volume omitted,21895,world_projection_m
e64380f4-b54b-5a95-94c6-f3a3df64895e,vmu_cad.glb/node/53/primitive/0,VMU03|Brackets,VMU03,AL_MILL,True,False,True,True,False,23,16,0.07500603861344571,3.133366451138718,,open mesh; volume omitted,59069,world_projection_m
c5816a88-1356-522e-8a34-76243311c8dc,vmu_cad.glb/node/56/primitive/0,VMU03|Aluminium panels / Cleats / Cleats,VMU03,AL_MILL,True,True,True,True,True,31,0,0.0,8.729851304006749,0.012503567483868917,"solid mesh; geometric volume, not a fabrication take-off",11583,world_projection_m
4973f19a-f5fe-5ef5-b942-3914305c3c4f,vmu_cad.glb/node/57/primitive/0,VMU03|Aluminium panels / Alu panel type 01,VMU03,AL_RAL7038,True,True,True,True,True,15,0,0.0,60.94996607525502,0.09053987933948772,"solid mesh; geometric volume, not a fabrication take-off",56956,world_projection_m
0e01aa34-39e9-57c1-a503-14343c84ee46,vmu_cad.glb/node/58/primitive/0,VMU03|Aluminium panels / Alu panel type 02,VMU03,AL_RAL7038,True,False,False,False,False,1,6,4.503948017766776,53.41208351881229,,open mesh; volume omitted,17102,world_projection_m
1f57464d-0a3d-58ba-84a6-d6f490cee186,vmu_cad.glb/node/59/primitive/0,VMU03|Aluminium panels / Alu panel type 03,VMU03,AL_RAL7038,True,False,True,True,False,14,7,1.3418427610737784,38.08366813114604,,open mesh; volume omitted,10518,world_projection_m
bf4132b8-4861-52f7-ae5d-c3be1e4233d9,vmu_cad.glb/node/60/primitive/0,VMU03|Aluminium panels / Alu panel type 04,VMU03,AL_RAL7038,True,False,True,True,False,14,26,2.2288876829487787,60.98245122306467,,open mesh; volume omitted,14716,world_projection_m
8f9ead59-6a50-5ad0-b0be-4d5e91a05295,vmu_cad.glb/node/61/primitive/0,VMU03|Aluminium panels / Alu panel type 05,VMU03,AL_RAL7038,True,True,True,True,True,10,0,0.0,12.443456861575443,0.018613889871061964,"solid mesh; geometric volume, not a fabrication take-off",18037,world_projection_m
b4d18841-7a6a-5ff0-8423-633303b353dd,vmu_cad.glb/node/0/primitive/0,TRELLIS|Grille ring brackets (hidden),TRELLIS,AL_MILL,True,True,True,True,True,36,0,0.0,1.2657603819512806,0.0018144167061138153,"solid mesh; geometric volume, not a fabrication take-off",864,world_projection_m
c809ad99-b59e-5da4-adc7-2357fbbc9ac5,vmu_cad.glb/node/1/primitive/0,TRELLIS|Square grille bars,TRELLIS,AL_T02,True,True,True,True,True,24,0,0.0,45.28798335155727,0.8423988229754791,"solid mesh; geometric volume, not a fabrication take-off",576,world_projection_m
b1a30f0f-3c72-5766-bb55-2fa20fc7be07,vmu_cad.glb/node/2/primitive/0,TRELLIS|Grille bars 153x50 (redo),TRELLIS,AL_T02,True,False,False,False,False,30,40,3.9999967932481466,10.901947264728854,,open mesh; volume omitted,6768,world_projection_m
05554ad7-ae57-5b41-8ece-532062146691,vmu_cad.glb/node/3/primitive/0,TRELLIS|Grille bar end caps,TRELLIS,AL_T02,True,True,True,True,True,24,0,0.0,0.3887995774338317,0.0005399995986342629,"solid mesh; geometric volume, not a fabrication take-off",576,world_projection_m
7de3ecc3-818e-5185-9bc8-2e5015aa76c9,vmu_cad.glb/node/4/primitive/0,TRELLIS|Grille rings bent R975 (redo),TRELLIS,AL_T02,True,True,False,False,False,2,0,0.0,5.034911986205696,,non-manifold mesh; volume omitted,4640,world_projection_m
ed1084dd-a7bd-57a8-9e4e-f414ab09adb5,vmu_cad.glb/node/5/primitive/0,TRELLIS|Louvre panels,TRELLIS,AL_T02,True,False,True,True,False,2,2,23.67999586386955,13.985396629053682,,open mesh; volume omitted,32,world_projection_m
3377b777-800a-54f5-b36c-27c40ead353e,site_context.glb/node/78/primitive/0,Material storage (stillages)|Aluminium stock (extrusions),Material storage (stillages),AL_MILL,True,True,True,True,True,60,0,0.0,244.4403137997326,8.580017256644023,"solid mesh; geometric volume, not a fabrication take-off",1440,source
1b122c10-32d4-59c3-a970-09b751e60530,site_context.glb/node/77/primitive/0,Material storage (stillages)|Red stillages,Material storage (stillages),CTX_STILLAGE_RED,True,True,True,True,True,88,0,0.0,71.76957761678493,1.4457592279551748,"solid mesh; geometric volume, not a fabrication take-off",2112,source
c5d8007e-71b1-5d20-8130-7cca8efd39ff,site_context.glb/node/76/primitive/0,Temporary steel viewing platform|Stair,Temporary steel viewing platform,STEEL_HDG,True,True,True,True,True,19,0,0.0,16.598341815111695,0.32334588964734456,"solid mesh; geometric volume, not a fabrication take-off",456,source
c10b8605-6ce9-5cac-8f44-e543c5653e1c,site_context.glb/node/75/primitive/0,Temporary steel viewing platform|Guardrails + toe boards,Temporary steel viewing platform,CTX_SAFETY_YELLOW,True,True,True,True,True,43,0,0.0,50.57457446527554,0.749920383718244,"solid mesh; geometric volume, not a fabrication take-off",1032,source
f483df76-f531-5b20-950a-6b11c8f635fe,site_context.glb/node/74/primitive/0,Temporary steel viewing platform|Frame (posts + bracing),Temporary steel viewing platform,STEEL_HDG,True,True,True,True,True,77,0,0.0,68.59166371168288,1.4111200999999847,"solid mesh; geometric volume, not a fabrication take-off",1848,source
0c532c40-d924-50b9-ac54-0bfc94c9a76c,site_context.glb/node/73/primitive/0,Temporary steel viewing platform|Deck (chequer plate),Temporary steel viewing platform,STEEL_HDG,True,True,True,True,True,1,0,0.0,137.83094586197842,7.873703475760234,"solid mesh; geometric volume, not a fabrication take-off",24,source
e733fc80-9ccd-510c-8cff-827710204acb,site_context.glb/node/72/primitive/0,Containers + site office|Site office DB sockets,Containers + site office,CTX_STILLAGE_RED,True,True,True,True,True,2,0,0.0,0.08320112580028417,0.0009600319625854493,"solid mesh; geometric volume, not a fabrication take-off",48,source
6d373af9-dff2-5bec-99dd-8612e7d640fc,site_context.glb/node/71/primitive/0,Containers + site office|Site office DB box,Containers + site office,CTX_STEEL_GREY,True,True,True,True,True,1,0,0.0,1.0179993051406095,0.05199984632349014,"solid mesh; geometric volume, not a fabrication take-off",24,source
e0a168de-4596-5e4c-b2cc-8dd92e825ef3,site_context.glb/node/70/primitive/0,Containers + site office|Site office window AC unit,Containers + site office,CTX_CONTAINER_WHITE,True,True,True,True,True,1,0,0.0,1.925999413671499,0.17819991971268653,"solid mesh; geometric volume, not a fabrication take-off",24,source
903ecd76-70d5-5dd4-8858-380d18d516c3,site_context.glb/node/69/primitive/0,Containers + site office|Site office window + door,Containers + site office,CTX_BAY_VOID,True,True,True,True,True,2,0,0.0,6.50199314666634,0.12179850513229389,"solid mesh; geometric volume, not a fabrication take-off",48,source
d76b6555-8ad6-5f85-8ad9-e8313e82bfe1,site_context.glb/node/68/primitive/0,Containers + site office|Container 5 body (site office 20 ft),Containers + site office,CTX_CONTAINER_WHITE,True,True,True,True,True,41,0,0.0,104.94461864721373,39.880778896668254,"solid mesh; geometric volume, not a fabrication take-off",984,source
d4f81e23-9d0c-54d7-8d4a-79653359343a,site_context.glb/node/67/primitive/0,Containers + site office|Container 4 body (40 ft HC),Containers + site office,CTX_CONTAINER_GREY,True,True,True,True,True,85,0,0.0,217.82312189429499,89.7662544741514,"solid mesh; geometric volume, not a fabrication take-off",2040,source
6c7d7d9b-d513-5622-8823-86cd64cb6c80,site_context.glb/node/66/primitive/0,Containers + site office|Container 3 body (40 ft HC),Containers + site office,CTX_CONTAINER_WHITE,True,True,True,True,True,85,0,0.0,217.82319547052606,89.76628837637597,"solid mesh; geometric volume, not a fabrication take-off",2040,source
ba5f24ad-5659-5686-9b91-21482479a4fa,site_context.glb/node/65/primitive/0,Containers + site office|Container 2 body (40 ft HC),Containers + site office,CTX_CONTAINER_GREY,True,True,True,True,True,85,0,0.0,217.8231790035837,89.76629499015776,"solid mesh; geometric volume, not a fabrication take-off",2040,source
09040818-cb32-5273-886c-24824c92a255,site_context.glb/node/64/primitive/0,Containers + site office|Container 1 body (40 ft HC),Containers + site office,CTX_CONTAINER_WHITE,True,True,True,True,True,85,0,0.0,217.82319461778897,89.7662770924887,"solid mesh; geometric volume, not a fabrication take-off",2040,source
32735e5e-de39-5ba0-bdf9-8e8f1f8762b6,site_context.glb/node/63/primitive/0,Containers + site office|Container corner posts + door bars,Containers + site office,CTX_STEEL_GREY,True,True,True,True,True,41,0,0.0,54.62393612105963,2.1413038225558574,"solid mesh; geometric volume, not a fabrication take-off",984,source
e5730263-bfa9-5210-b2a1-a498d1d45cd0,site_context.glb/node/62/primitive/0,High masts|Lamp lenses,High masts,CTX_LAMP,True,True,True,True,True,12,0,0.0,2.870470449386061,0.015026835233217874,"solid mesh; geometric volume, not a fabrication take-off",288,source
691e045f-c1aa-524e-b2c7-32edc32d6be7,site_context.glb/node/61/primitive/0,High masts|Lamp heads,High masts,CTX_STEEL_GREY,True,True,True,True,True,18,0,0.0,11.814679753477579,0.5538427245385895,"solid mesh; geometric volume, not a fabrication take-off",432,source
38531cdf-b20b-53aa-b685-53eed43cd8fd,site_context.glb/node/60/primitive/0,High masts|Plinths,High masts,RC_PLAIN,True,True,True,True,True,3,0,0.0,11.220001744376946,1.0890002055867893,"solid mesh; geometric volume, not a fabrication take-off",72,source
135be4af-0188-5ea9-880c-c922f2479197,site_context.glb/node/59/primitive/0,High masts|Galvanised poles,High masts,STEEL_HDG,True,False,True,True,False,6,3,3.5406433067483496,40.1216745891043,,open mesh; volume omitted,180,source
62c7e612-01f2-5fd5-a8aa-4e8e201b08b0,site_context.glb/node/58/primitive/0,Gantry crane|Floodlight on leg head,Gantry crane,CTX_LAMP,True,True,True,True,True,1,0,0.0,0.5457535120274695,0.022714859599113766,"solid mesh; geometric volume, not a fabrication take-off",24,source
102760a2-f3e6-53bf-a504-87872d23609d,site_context.glb/node/57/primitive/0,Gantry crane|Leg-head platform + railing,Gantry crane,CTX_GANTRY_LEG,True,True,True,True,True,8,0,0.0,10.694148901540565,0.34823743178862493,"solid mesh; geometric volume, not a fabrication take-off",192,source
77f23b10-8165-56ee-8d37-f07b55dd27fe,site_context.glb/node/56/primitive/0,Gantry crane|Hook block,Gantry crane,CTX_SAFETY_YELLOW,True,True,True,True,True,2,0,0.0,1.2424004611104829,0.07968006575379968,"solid mesh; geometric volume, not a fabrication take-off",48,source
2b473476-1f95-5b5f-a8fe-4ba4a3772818,site_context.glb/node/55/primitive/0,Gantry crane|Wire ropes + festoon cable,Gantry crane,SEALANT_BLACK,True,True,True,True,True,75,0,0.0,7.260070496342237,0.052027232151817,"solid mesh; geometric volume, not a fabrication take-off",1800,source
b205ca9d-1e34-5e42-a7b8-aae6a37e9fc9,site_context.glb/node/54/primitive/0,Gantry crane|Hoist maintenance cage,Gantry crane,STEEL_HDG,True,True,True,True,True,13,0,0.0,13.365602127189119,0.2641000539116637,"solid mesh; geometric volume, not a fabrication take-off",312,source
6066ce4b-0390-5c99-bd7e-4f021647c070,site_context.glb/node/53/primitive/0,Gantry crane|Hoist trolley,Gantry crane,CTX_STEEL_GREY,True,True,True,True,True,4,0,0.0,17.70146149523473,2.9291310507564736,"solid mesh; geometric volume, not a fabrication take-off",112,source
c864706d-37bf-5501-862d-c9471b7abf49,site_context.glb/node/52/primitive/0,Gantry crane|Girder stiffeners + flange lips,Gantry crane,CTX_GANTRY_GIRDER,True,True,True,True,True,39,0,0.0,74.94055520136394,1.042525833351677,"solid mesh; geometric volume, not a fabrication take-off",936,source
de682c5a-cd06-5e4c-a731-28b33adb3113,site_context.glb/node/51/primitive/0,Gantry crane|Box girder,Gantry crane,CTX_GANTRY_GIRDER,True,True,True,True,True,1,0,0.0,134.0947505695751,36.04003485315182,"solid mesh; geometric volume, not a fabrication take-off",24,source
74c2cd5c-aebc-5e1e-aa3f-6911e17d2350,site_context.glb/node/50/primitive/0,Gantry crane|Wheels,Gantry crane,CTX_STEEL_GREY,True,True,True,True,True,4,0,0.0,6.140796859049651,0.45830355854388044,"solid mesh; geometric volume, not a fabrication take-off",96,source
c8ea6d92-173d-5eae-8168-c30b9c196cd5,site_context.glb/node/49/primitive/0,Gantry crane|End carriages + leg heads,Gantry crane,CTX_GANTRY_LEG,True,True,True,True,True,4,0,0.0,75.05043515538573,14.580013097084615,"solid mesh; geometric volume, not a fabrication take-off",96,source
244be9f8-d3ee-5180-8ae1-7fc669f68a37,site_context.glb/node/48/primitive/0,Gantry crane|A-frame legs (tapered box),Gantry crane,CTX_GANTRY_LEG,True,True,True,True,True,4,0,0.0,94.10777805755701,14.68342867672339,"solid mesh; geometric volume, not a fabrication take-off",96,source
44ca46a0-fffb-5448-8067-529c7e4bde8d,site_context.glb/node/47/primitive/0,Boundary hoarding|Entrance gate (palisade),Boundary hoarding,CTX_GATE_BROWN,True,True,False,False,False,122,0,0.0,67.06703875680239,,non-manifold mesh; volume omitted,3024,source
e9b5ccf0-b283-5940-a5bd-335a4db63a52,site_context.glb/node/46/primitive/0,Boundary hoarding|SSW chain-link fence - mesh panel,Boundary hoarding,CTX_FENCE_MESH,True,False,True,True,False,1,1,412.1759965571892,361.6428569531124,,open mesh; volume omitted,4,source
2461b579-b142-5bc4-98c9-c35ff884a469,site_context.glb/node/45/primitive/0,Boundary hoarding|SSW chain-link fence - posts + top rail,Boundary hoarding,STEEL_HDG,True,False,True,True,False,87,83,15.429862091333085,76.65058436996596,,open mesh; volume omitted,2088,source
8ba459c1-3346-57d8-9e84-b6c5e6ac3bb7,site_context.glb/node/44/primitive/0,Boundary hoarding|Posts + rails (yard side),Boundary hoarding,STEEL_HDG,True,True,True,True,True,127,0,0.0,370.80330388357385,7.64860649339681,"solid mesh; geometric volume, not a fabrication take-off",3048,source
1c5a8ece-6738-507c-a4ee-1f58a9d88a75,site_context.glb/node/43/primitive/0,Boundary hoarding|Top capping,Boundary hoarding,CTX_HOARDING,True,True,True,True,True,4,0,0.0,104.09830004709485,2.1846499245867284,"solid mesh; geometric volume, not a fabrication take-off",96,source
a9f6a277-7f90-527a-b600-eaf02e7cca2d,site_context.glb/node/42/primitive/0,Boundary hoarding|Corrugated sheet,Boundary hoarding,CTX_HOARDING,True,True,True,True,True,4,0,0.0,1394.6577787131516,20.67672153541634,"solid mesh; geometric volume, not a fabrication take-off",96,source
3e316bfc-1d82-52b9-9cc4-8783aebc089d,site_context.glb/node/41/primitive/0,Accessway truss canopy|ESE end red panel,Accessway truss canopy,CTX_STILLAGE_RED,True,True,True,True,True,1,0,0.0,11.29598624841728,0.42239177361602787,"solid mesh; geometric volume, not a fabrication take-off",24,source
dec9121e-349c-5d01-a653-bf13c3c9390b,site_context.glb/node/40/primitive/0,Accessway truss canopy|ESE end tarp (dark),Accessway truss canopy,CTX_BAY_VOID,True,True,True,True,True,1,0,0.0,32.159956951370525,0.6299640861740113,"solid mesh; geometric volume, not a fabrication take-off",24,source
1ecc6572-d93b-5ee4-8f73-77cdf37726eb,site_context.glb/node/39/primitive/0,Accessway truss canopy|Roof underside (dark),Accessway truss canopy,CTX_BAY_VOID,True,False,True,True,False,1,1,44.65439413352644,122.4560953889754,,open mesh; volume omitted,20,source
264c33e8-764a-5822-9a41-1bf6636a3f0b,site_context.glb/node/38/primitive/0,Accessway truss canopy|Roof sheet (profiled metal),Accessway truss canopy,CTX_ROOF_METAL,True,False,True,True,False,1,1,44.654394133526445,124.24227115431646,,open mesh; volume omitted,20,source
520ca155-a324-5063-b31a-52cf07e408b6,site_context.glb/node/37/primitive/0,Accessway truss canopy|Lattice girders + trusses,Accessway truss canopy,CTX_STEEL_GREY,True,True,False,False,False,84,0,0.0,120.95370483992849,,non-manifold mesh; volume omitted,2160,source
c73e5d4f-1d7e-5337-b7db-8d986d7bf623,site_context.glb/node/36/primitive/0,Accessway truss canopy|Steel posts (H-section),Accessway truss canopy,CTX_STEEL_GREY,True,True,True,True,True,12,0,0.0,56.03999130781985,3.5945992209094797,"solid mesh; geometric volume, not a fabrication take-off",288,source
1bc6f376-a472-5104-a0bd-794576d5ab0b,site_context.glb/node/35/primitive/0,Factory 2 north block|External steel stair,Factory 2 north block,CTX_STEEL_GREY,True,True,True,True,True,16,0,0.0,234.41589847201058,19.604560284211164,"solid mesh; geometric volume, not a fabrication take-off",384,source
fdbbaeee-38eb-5420-b97e-5823afb95174,site_context.glb/node/34/primitive/0,"Factory 2 north block|Yellow steel roof storey (open, under erection)",Factory 2 north block,CTX_SAFETY_YELLOW,True,True,True,True,True,47,0,0.0,1418.1728506875666,131.65209736236395,"solid mesh; geometric volume, not a fabrication take-off",1128,source
5930cfac-2014-5bf9-a408-ba7e41f271ae,site_context.glb/node/33/primitive/0,Factory 2 north block|RC slabs + spandrel beams,Factory 2 north block,CTX_RC_BARE,True,True,False,False,False,3,0,0.0,23000.49629598487,,non-manifold mesh; volume omitted,456,source
b3c216d6-4e38-5712-a6bb-7ffa80ab0044,site_context.glb/node/32/primitive/0,Factory 2 north block|RC columns,Factory 2 north block,CTX_RC_BARE,True,True,True,True,True,54,0,0.0,3352.3208209763948,656.6403151113568,"solid mesh; geometric volume, not a fabrication take-off",1296,source
441144ba-ae9b-56e3-92cb-265b92e3fc8f,site_context.glb/node/31/primitive/0,"Factory 2-storey west|Yellow steel roof storey (open, under erection)",Factory 2-storey west,CTX_SAFETY_YELLOW,True,True,True,True,True,43,0,0.0,1223.5687703485282,112.98610004007976,"solid mesh; geometric volume, not a fabrication take-off",1032,source
33066821-bb2b-5444-81f8-c0f34e7f96e4,site_context.glb/node/30/primitive/0,Factory 2-storey west|RC cores,Factory 2-storey west,CTX_RC_BARE,True,True,True,True,True,2,0,0.0,1282.9918044239064,1195.1706718057258,"solid mesh; geometric volume, not a fabrication take-off",48,source
25c73c93-a288-5242-b87f-cf68f5d0956b,site_context.glb/node/29/primitive/0,Factory 2-storey west|RC slabs + spandrel beams,Factory 2-storey west,CTX_RC_BARE,True,True,False,False,False,3,0,0.0,20907.891350114747,,non-manifold mesh; volume omitted,1368,source
6950e539-3631-540b-976d-37b4b8311bdc,site_context.glb/node/28/primitive/0,Factory 2-storey west|RC columns,Factory 2-storey west,CTX_RC_BARE,True,True,True,True,True,62,0,0.0,3848.960643376815,753.920246942461,"solid mesh; geometric volume, not a fabrication take-off",1488,source
8e54f74c-6b2d-5ec5-9090-0bbef8ab071b,site_context.glb/node/27/primitive/0,Factory 1 (1-storey shed)|Roof lattice truss (grey),Factory 1 (1-storey shed),STEEL_HDG,True,True,True,True,True,83,0,0.0,109.35910163945586,3.6259270586102197,"solid mesh; geometric volume, not a fabrication take-off",1992,source
843e84b1-d2b6-5b8d-9b6e-b1f2befb2a78,site_context.glb/node/26/primitive/0,Factory 1 (1-storey shed)|Roof lattice towers (yellow) - lacing,Factory 1 (1-storey shed),CTX_SAFETY_YELLOW,True,True,True,True,True,347,0,0.0,75.17620597657535,0.9723332560667826,"solid mesh; geometric volume, not a fabrication take-off",8328,source
2f744a38-7795-5adb-8905-74656460b50c,site_context.glb/node/25/primitive/0,Factory 1 (1-storey shed)|Roof lattice towers (yellow) - chords,Factory 1 (1-storey shed),CTX_SAFETY_YELLOW,True,True,True,True,True,34,0,0.0,108.35331886692545,3.187859850939758,"solid mesh; geometric volume, not a fabrication take-off",816,source
069feb2a-2cd8-53ec-93b3-0c154618a403,site_context.glb/node/24/primitive/0,Factory 1 (1-storey shed)|Overhead crane hoists,Factory 1 (1-storey shed),CTX_STEEL_GREY,True,True,True,True,True,8,0,0.0,29.0528185755379,3.6403220311488953,"solid mesh; geometric volume, not a fabrication take-off",192,source
31b6aca5-741c-550c-a7ba-dee8ee1d7b4a,site_context.glb/node/23/primitive/0,Factory 1 (1-storey shed)|Overhead crane bridges,Factory 1 (1-storey shed),CTX_SAFETY_YELLOW,True,True,True,True,True,16,0,0.0,197.96707847943992,29.203544456338786,"solid mesh; geometric volume, not a fabrication take-off",384,source
f40d60cd-606f-5cff-ae02-6c73215eaa60,site_context.glb/node/22/primitive/0,Factory 1 (1-storey shed)|Crane runway girders,Factory 1 (1-storey shed),CTX_STEEL_GREY,True,True,True,True,True,8,0,0.0,491.2732392482167,64.82038045892041,"solid mesh; geometric volume, not a fabrication take-off",192,source
f635e7a3-bb7f-5531-915d-e9827f4b2755,site_context.glb/node/21/primitive/0,Factory 1 (1-storey shed)|Roof frames + purlins (interior),Factory 1 (1-storey shed),CTX_STEEL_GREY,True,True,True,True,True,27,0,0.0,1299.2651182341488,136.4070165908532,"solid mesh; geometric volume, not a fabrication take-off",648,source
f07472f7-6c12-53e0-99e7-1fa25730c784,site_context.glb/node/20/primitive/0,Factory 1 (1-storey shed)|Interior rear wall (dark),Factory 1 (1-storey shed),CTX_BAY_VOID,True,True,True,True,True,1,0,0.0,1669.106481759595,82.7141348947228,"solid mesh; geometric volume, not a fabrication take-off",24,source
bba29b8c-b889-5034-9e5d-0f422fba1848,site_context.glb/node/19/primitive/0,Factory 1 (1-storey shed)|Main roof gutters + eave fascia,Factory 1 (1-storey shed),CTX_CLADDING_RIB,True,True,True,True,True,2,0,0.0,143.76656607258124,10.21032668742692,"solid mesh; geometric volume, not a fabrication take-off",48,source
443d4e62-ed4b-5c37-be8f-c387f6aa407f,site_context.glb/node/18/primitive/0,Factory 1 (1-storey shed)|Main roof soffit (dark interior),Factory 1 (1-storey shed),CTX_BAY_VOID,True,False,True,True,False,1,1,175.3650179443326,1634.5962447705326,,open mesh; volume omitted,8,source
f5fc4062-79bd-5d80-a101-c00c122bdd87,site_context.glb/node/17/primitive/0,Factory 1 (1-storey shed)|Main roof (profiled metal),Factory 1 (1-storey shed),CTX_ROOF_METAL,True,False,True,True,False,1,1,175.3650179443326,1634.5962447705326,,open mesh; volume omitted,8,source
f2159e8e-cf40-59c9-8777-1c81b63ff2bb,site_context.glb/node/16/primitive/0,Factory 1 (1-storey shed)|Ribbed cladding gables,Factory 1 (1-storey shed),CTX_CLADDING_RIB,True,False,True,True,False,2,2,103.93033316003488,7.793599390091939,,open mesh; volume omitted,6,source
ef0db964-ae54-5634-893b-d2cba2725116,site_context.glb/node/15/primitive/0,Factory 1 (1-storey shed)|Band column strips (lighter),Factory 1 (1-storey shed),CTX_FACTORY_RC,True,True,True,True,True,5,0,0.0,26.74997980241588,0.6199943284710198,"solid mesh; geometric volume, not a fabrication take-off",120,source
a9db5d25-2a93-5343-bca0-16005b6b8b76,site_context.glb/node/14/primitive/0,Factory 1 (1-storey shed)|Ribbed cladding band (front),Factory 1 (1-storey shed),CTX_CLADDING_RIB,True,True,True,True,True,3,0,0.0,737.5792597321853,42.49944991903516,"solid mesh; geometric volume, not a fabrication take-off",72,source
5578d9ce-7a33-5f2c-b407-da61dc38fb46,site_context.glb/node/13/primitive/0,Factory 1 (1-storey shed)|Canopy soffit,Factory 1 (1-storey shed),CTX_BAY_VOID,True,False,True,True,False,1,1,124.36884193109938,96.26295023893428,,open mesh; volume omitted,4,source
b026612f-d6d0-564d-afcd-98ed3d79e111,site_context.glb/node/12/primitive/0,Factory 1 (1-storey shed)|Canopy roof (front strip),Factory 1 (1-storey shed),CTX_ROOF_METAL,True,False,True,True,False,1,1,124.36884193109938,96.26295023893427,,open mesh; volume omitted,4,source
bb6e2e5a-e293-5c8a-b570-1dcaf3b01af2,site_context.glb/node/11/primitive/0,Factory 1 (1-storey shed)|Canopy fascia + gutter,Factory 1 (1-storey shed),CTX_CLADDING_RIB,True,True,True,True,True,1,0,0.0,66.78044195258678,4.458377103920287,"solid mesh; geometric volume, not a fabrication take-off",24,source
7ee050a4-4e24-57c4-b824-6359d28d910c,site_context.glb/node/10/primitive/0,Factory 1 (1-storey shed)|Front lintel beam,Factory 1 (1-storey shed),CTX_FACTORY_RC,True,True,True,True,True,1,0,0.0,205.35751721083432,43.18261968900605,"solid mesh; geometric volume, not a fabrication take-off",24,source
229f8f45-7a8f-5973-89ee-05b40978a15d,site_context.glb/node/9/primitive/0,Factory 1 (1-storey shed)|RC columns front row,Factory 1 (1-storey shed),CTX_FACTORY_RC,True,False,True,True,False,3,3,18.000002919254324,162.6000278186118,,open mesh; volume omitted,60,source
2ce70a18-bfdd-5810-b7ec-0c60a75d2868,site_context.glb/node/8/primitive/0,Factory 1 (1-storey shed)|RC columns front row - base stain band,Factory 1 (1-storey shed),CTX_FACTORY_RC_BASE,True,False,True,True,False,3,3,18.000002919254328,33.000006799980675,,open mesh; volume omitted,60,source
f54df3cf-5dc8-5673-bbcd-c1ac443f9482,site_context.glb/node/7/primitive/0,Factory 1 (1-storey shed)|RC columns rear row,Factory 1 (1-storey shed),CTX_FACTORY_RC,True,False,True,True,False,5,5,19.99998002773299,248.99974635214787,,open mesh; volume omitted,100,source
b3e7fad0-1688-5951-bab6-335f128807d8,site_context.glb/node/6/primitive/0,Factory 1 (1-storey shed)|RC columns rear row - base stain band,Factory 1 (1-storey shed),CTX_FACTORY_RC_BASE,True,False,True,True,False,5,5,19.999980027732995,34.99996005540486,,open mesh; volume omitted,100,source
4133b164-2b82-508f-a74d-a624ef841d41,site_context.glb/node/5/primitive/0,Factory 1 (1-storey shed)|RC columns row 2,Factory 1 (1-storey shed),CTX_FACTORY_RC,True,False,True,True,False,5,5,20.00000615666392,249.00007818962501,,open mesh; volume omitted,100,source
cf3b4b96-cea1-5f10-b7d4-c3613bd24b39,site_context.glb/node/4/primitive/0,Factory 1 (1-storey shed)|RC columns row 2 - base stain band,Factory 1 (1-storey shed),CTX_FACTORY_RC_BASE,True,False,True,True,False,5,5,20.00000615666392,35.00001231332113,,open mesh; volume omitted,100,source
b5e02e33-f199-5394-a401-3dd9eb55f3ab,site_context.glb/node/3/primitive/0,Factory 1 (1-storey shed)|RC columns grid O row (interior),Factory 1 (1-storey shed),CTX_FACTORY_RC,True,False,True,True,False,5,5,19.999996776139646,248.99995905693513,,open mesh; volume omitted,100,source
a8afe5a3-72a2-50f7-a0c8-327ec66730c8,site_context.glb/node/2/primitive/0,Factory 1 (1-storey shed)|RC columns grid O row (interior) - base stain band,Factory 1 (1-storey shed),CTX_FACTORY_RC_BASE,True,False,True,True,False,5,5,19.999996776139646,34.99999355224093,,open mesh; volume omitted,100,source
150faab9-3915-5fb8-9d22-04256bf13cfb,site_context.glb/node/1/primitive/0,Factory 1 (1-storey shed)|RC columns front row - corner (inferred),Factory 1 (1-storey shed),CTX_FACTORY_RC,True,False,True,True,False,2,2,9.040003510229244,81.16803231674636,,open mesh; volume omitted,40,source
71340bde-e635-557a-90d5-ad4a0e892497,site_context.glb/node/0/primitive/0,Factory 1 (1-storey shed)|RC columns front row - corner (inferred) - base stain band,Factory 1 (1-storey shed),CTX_FACTORY_RC_BASE,True,False,True,True,False,2,2,9.040003510229246,16.080007043095787,,open mesh; volume omitted,40,source
ad0ec950-4bd9-5b32-a452-299459ba6e35,site_ground.glb/node/24/primitive/0,SITE_GROUND|Main road lane lines + median markings,SITE_GROUND,CTX_ROAD_MARKING_WHITE,True,False,True,True,False,376,376,2918.3048286635935,245.1010687549271,,open mesh; volume omitted,8044,source
2f4d812c-920f-58d5-a6d4-356717f39da9,site_ground.glb/node/23/primitive/0,SITE_GROUND|Main road far verge edge skirt,SITE_GROUND,CTX_GRASS,True,False,True,True,False,1,1,609.7723372966004,178.19108763746846,,open mesh; volume omitted,1432,source
75074703-aa8f-5bd8-835e-525eed8a165f,site_ground.glb/node/22/primitive/0,SITE_GROUND|Main road far verge (grass),SITE_GROUND,CTX_GRASS,True,False,True,True,False,1,1,660.1151448074188,7353.370079957071,,open mesh; volume omitted,1436,source
e44e2137-6958-526d-86da-fd0bb50252f9,site_ground.glb/node/21/primitive/0,SITE_GROUND|Main road verge edge skirts,SITE_GROUND,CTX_GRASS,True,False,True,True,False,2,2,129.8270959634955,35.15019087384018,,open mesh; volume omitted,356,source
a7a1bbe2-2229-5402-b383-fa276dc76b8f,site_ground.glb/node/20/primitive/0,SITE_GROUND|Main road near verge (grass),SITE_GROUND,CTX_GRASS,True,False,True,True,False,1,1,696.6725199643982,1329.5073029413322,,open mesh; volume omitted,1965,source
0f7dfe83-d091-5a37-8fda-2250f7bbb83f,site_ground.glb/node/19/primitive/0,SITE_GROUND|Main road kerbs,SITE_GROUND,CTX_KERB,True,False,True,True,False,2,2,1304.1410143170538,291.3373293227134,,open mesh; volume omitted,4504,source
629be536-e7ba-5d88-bf2a-d927f3556da2,site_ground.glb/node/18/primitive/0,SITE_GROUND|Main road carriageway,SITE_GROUND,CTX_ASPHALT,True,False,True,True,False,1,1,677.3791464176032,9262.617689863078,,open mesh; volume omitted,3949,source
fb53dd95-fa95-590a-85e0-57602abeb7b8,site_ground.glb/node/17/primitive/0,SITE_GROUND|Yard slab edge skirts,SITE_GROUND,CTX_CONCRETE_YARD,True,False,True,True,False,1,2,1998.1008245843564,649.3827679899157,,open mesh; volume omitted,28,source
a425a671-bfc3-54d5-a43f-eb36716ae4aa,site_ground.glb/node/16/primitive/0,SITE_GROUND|Yard slab,SITE_GROUND,CTX_CONCRETE_YARD,True,False,True,True,False,1,5,2927.595522436448,60494.31618724525,,open mesh; volume omitted,133,source
3ad62400-c21d-5535-9071-df4d1f8af187,site_ground.glb/node/15/primitive/0,SITE_GROUND|Damp patches,SITE_GROUND,CTX_CONCRETE_YARD_DAMP,True,False,True,True,False,15,19,384.5395523400252,421.4244376056522,,open mesh; volume omitted,2234,source
62f1a2a2-f20c-5a98-8825-3d9b6fb791bb,site_ground.glb/node/14/primitive/0,SITE_GROUND|Weed strip at hoarding foot,SITE_GROUND,CTX_GRASS,True,False,True,True,False,3,3,528.6587929851815,131.3770887810209,,open mesh; volume omitted,19,source
67df0d44-c452-5927-a55f-2bbb078b090f,site_ground.glb/node/13/primitive/0,SITE_GROUND|Yellow line (3 m inside the road boundary),SITE_GROUND,CTX_YELLOW_LINE,True,False,True,True,False,13,13,179.98178158750338,8.858217637314796,,open mesh; volume omitted,109,source
6a22a338-46af-5d84-bef6-a65143d6b352,site_ground.glb/node/12/primitive/0,SITE_GROUND|Fire hydrant pads,SITE_GROUND,CTX_KERB,True,False,True,True,False,2,2,6.270011033092532,1.808447162324373,,open mesh; volume omitted,282,source
a4df685f-6895-509a-8b74-eaf80ac67d9c,site_ground.glb/node/11/primitive/0,SITE_GROUND|Fire hydrant outlet caps,SITE_GROUND,STEEL_HDG,True,False,True,True,False,4,4,1.2461287922473856,0.06775385518898526,,open mesh; volume omitted,284,source
89398aca-9b8f-5d2f-9197-97a76fc9e02a,site_ground.glb/node/10/primitive/0,SITE_GROUND|Fire hydrants (pillar),SITE_GROUND,CTX_STILLAGE_RED,True,False,True,True,False,12,12,6.810218764941783,1.7840728461585367,,open mesh; volume omitted,1012,source
5aa9b182-b995-5ecd-b7cf-12476e63a93b,site_ground.glb/node/9/primitive/0,SITE_GROUND|IC chamber frames,SITE_GROUND,CTX_KERB,True,False,True,True,False,2,4,14.189895589035856,0.709500763633728,,open mesh; volume omitted,16,source
76549d2c-7770-5e2d-91af-b0b569f46f58,site_ground.glb/node/8/primitive/0,SITE_GROUND|IC chamber covers (cast iron),SITE_GROUND,CTX_RAIL,True,False,True,True,False,2,2,6.294940251402306,1.2168199556350707,,open mesh; volume omitted,8,source
e2972e39-55a8-595e-8a94-bcacdd147c99,site_ground.glb/node/7/primitive/0,SITE_GROUND|Drain sump gratings,SITE_GROUND,STEEL_HDG,True,False,True,True,False,4,4,8.149993338079083,1.0049983192462921,,open mesh; volume omitted,16,source
2ab2c002-17a7-5fbd-ab9e-dac95e9b8e9f,site_ground.glb/node/6/primitive/0,SITE_GROUND|Trench drain cover joints,SITE_GROUND,CTX_BAY_VOID,True,False,True,True,False,352,352,496.04705216508654,4.8197833997908806,,open mesh; volume omitted,1408,source
df261b82-edf1-5d73-a7f0-1dcff78df7d2,site_ground.glb/node/5/primitive/0,SITE_GROUND|Trench drain covers (precast),SITE_GROUND,CTX_KERB,True,False,True,True,False,363,365,1188.6743648854729,235.8041970613809,,open mesh; volume omitted,1460,source
c3709db1-0c8c-5296-b957-4535b71e76db,site_ground.glb/node/4/primitive/0,SITE_GROUND|Rail red safety lines,SITE_GROUND,CTX_RED_LINE,True,False,True,True,False,9,9,918.1564544440581,45.81784741221065,,open mesh; volume omitted,36,source
4bad5edb-25d7-5dc3-aec8-f8235ab74296,site_ground.glb/node/3/primitive/0,SITE_GROUND|Crane rails (rail-bed joint),SITE_GROUND,CTX_BAY_VOID,True,False,True,True,False,5,5,516.6846736965251,3.0993747578558772,,open mesh; volume omitted,20,source
660c6457-b311-53a3-9956-899e2052924f,site_ground.glb/node/2/primitive/0,SITE_GROUND|Crane rails (edge angle),SITE_GROUND,CTX_RAIL,True,False,True,True,False,4,4,526.5604474550594,5.263916370310088,,open mesh; volume omitted,16,source
04aefcb8-34b8-5cbb-848c-3a7238cf9d0b,site_ground.glb/node/1/primitive/0,SITE_GROUND|Crane rails (flangeway groove),SITE_GROUND,CTX_BAY_VOID,True,False,True,False,False,4,4,527.0804415633299,22.371891305303848,,open mesh; volume omitted,48,source
d9c1d796-d0a0-534c-a75c-8e3e6cd281e9,site_ground.glb/node/0/primitive/0,"SITE_GROUND|Crane rails (rail head, flush)",SITE_GROUND,CTX_RAIL,True,False,True,True,False,4,4,526.960445768821,18.424087069997906,,open mesh; volume omitted,16,source
7e40101d-d1af-5d61-a496-d28af7579fe5,vmu05.glb/node/4/primitive/0,VMU05|Anchors,VMU05,SS_BRUSHED,True,True,True,True,True,30,0,0.0,0.021833410856989383,3.388703919601502e-05,"solid mesh; geometric volume, not a fabrication take-off",2760,source
1d3178db-d7ea-5dee-b2b2-fd9654dd809d,vmu05.glb/node/3/primitive/0,VMU05|Base plates,VMU05,SS_BRUSHED,True,True,True,True,True,5,0,0.0,0.1604008447834305,0.0005600032533874518,"solid mesh; geometric volume, not a fabrication take-off",120,source
47a83509-f5d0-5d02-bdf2-27eac71aa0f5,vmu05.glb/node/2/primitive/0,VMU05|Balustrade posts,VMU05,SS_BRUSHED,True,True,True,True,True,15,0,0.0,0.3621005390196151,0.001489503440076838,"solid mesh; geometric volume, not a fabrication take-off",360,source
87f804cf-b063-5618-bf44-340698c7887e,vmu05.glb/node/1/primitive/0,VMU05|Balustrade rails,VMU05,SS_BRUSHED,True,True,True,True,True,20,0,0.0,3.0004100782109733,0.012756038088417054,"solid mesh; geometric volume, not a fabrication take-off",5520,source
0bbebd81-be0d-596f-b85c-ca9f74af95c7,vmu05.glb/node/0/primitive/0,VMU05|RC parapet,VMU05,RC_PLAIN,True,True,True,True,True,1,0,0.0,9.963306111386437,0.9632232591251692,"solid mesh; geometric volume, not a fabrication take-off",1468,source
e3864724-00af-599d-a6e7-f824407b02f4,vmu04.glb/node/15/primitive/0,VMU04|Window perimeter sealant,VMU04,SEALANT_BLACK,True,True,True,True,True,4,0,0.0,0.7104876222813866,0.0011439995851845342,"solid mesh; geometric volume, not a fabrication take-off",192,source
4018992f-f79e-5077-a7ad-a72d09c3576c,vmu04.glb/node/14/primitive/0,VMU04|Window glass GL03 939x1939,VMU04,GL03_VISION_B,True,False,True,True,False,4,4,23.023998675024792,7.2828827154365365,,open mesh; volume omitted,16,source
86261cd2-7f26-5c2b-b6ff-3b7ec1ad0cc3,vmu04.glb/node/13/primitive/0,VMU04|Window frames AL T02 1000x2000,VMU04,AL_T02,True,True,True,True,True,12,0,0.0,7.239691494362619,0.058129516056577527,"solid mesh; geometric volume, not a fabrication take-off",576,source
d1fe84f1-fd19-5ab6-bce5-d0a68a08f176,vmu04.glb/node/12/primitive/0,VMU04|Panel joint sealant,VMU04,SEALANT_BLACK,True,True,True,True,True,7,0,0.0,1.8236011219671904,0.011087646105193853,"solid mesh; geometric volume, not a fabrication take-off",180,source
bceea2c8-b60f-5b8b-9c95-b6e7987d8d5a,vmu04.glb/node/11/primitive/0,VMU04|RC fins 350x125,VMU04,PRECAST_FORMLINER,True,True,True,True,True,8,0,0.0,35.12795586092268,1.585497523312912,"solid mesh; geometric volume, not a fabrication take-off",192,source
a2276e44-f781-54e4-8df9-f77f63300600,vmu04.glb/node/10/primitive/0,VMU04|Precast formliner panels,VMU04,PRECAST_FORMLINER,True,False,True,True,False,4,32,87.7801109491423,153.25095058566626,,open mesh; volume omitted,25464,source
b291175a-22ab-525d-a6f8-288c0747ea7d,vmu04.glb/node/9/primitive/0,VMU04|Stair handrails CHS42 CHS27 (position assumed),VMU04,STEEL_HDG,True,True,True,True,True,34,0,0.0,5.504928130334159,0.050727969842326005,"solid mesh; geometric volume, not a fabrication take-off",1560,source
5d980949-5ddf-5d01-9293-2252afef922e,vmu04.glb/node/8/primitive/0,"VMU04|Stair landing +3295, posts and bracing (position assumed)",VMU04,STEEL_HDG,True,True,False,False,False,22,0,0.0,14.03038747004386,,non-manifold mesh; volume omitted,1528,source
dbbb31fe-44e0-5858-bb7f-af95a0c4d6a7,vmu04.glb/node/7/primitive/0,VMU04|Stair flights F1 F2 F3 (position assumed),VMU04,STEEL_HDG,True,True,False,False,False,34,0,0.0,22.036301515916183,,non-manifold mesh; volume omitted,1692,source
debb7584-f22d-547b-86d7-bb223a29cd37,vmu04.glb/node/6/primitive/0,VMU04|Handrails CHS48.3x3,VMU04,STEEL_HDG,True,True,True,True,True,41,0,0.0,3.9223330105507905,0.04435727413824638,"solid mesh; geometric volume, not a fabrication take-off",1584,source
6e4e7049-2f1b-52fa-a54f-fc94fdcc78f0,vmu04.glb/node/5/primitive/0,VMU04|Chequer plate floors L1 L2 roof,VMU04,STEEL_HDG,True,True,True,True,True,18,0,0.0,65.68572191206655,0.14678532608275857,"solid mesh; geometric volume, not a fabrication take-off",576,source
75f63afa-e896-5672-b1f9-316565576578,vmu04.glb/node/4/primitive/0,VMU04|Joists RHS75x50x5,VMU04,STEEL_HDG,True,True,True,True,True,18,0,0.0,12.45676991412198,0.19381458845587157,"solid mesh; geometric volume, not a fabrication take-off",1152,source
e565ca54-e1f6-5dc7-a1b8-8cba3f119758,vmu04.glb/node/3/primitive/0,VMU04|Interior beams SHS200x200x10 (position inferred),VMU04,STEEL_HDG,True,True,True,True,True,6,0,0.0,14.00212446938897,0.7009196275289243,"solid mesh; geometric volume, not a fabrication take-off",384,source
21237b97-104c-5111-80c8-163a4cd049cf,vmu04.glb/node/2/primitive/0,VMU04|Perimeter beams SHS200x200x10,VMU04,STEEL_HDG,True,True,False,False,False,3,0,0.0,28.004276459922895,,non-manifold mesh; volume omitted,768,source
61ddf0cc-52f2-5d5e-bc84-472f1d301a3f,vmu04.glb/node/1/primitive/0,VMU04|Base plates 400x400x20 + anchor bolts,VMU04,STEEL_HDG,True,True,True,True,True,100,0,0.0,1.8419808884420619,0.014059563428340891,"solid mesh; geometric volume, not a fabrication take-off",3296,source
7e067ce0-0e92-5320-b23d-b540c9f6007e,vmu04.glb/node/0/primitive/0,VMU04|Columns SHS200x200x10,VMU04,STEEL_HDG,True,True,True,True,True,8,0,0.0,31.388882654350144,1.5950486188267137,"solid mesh; geometric volume, not a fabrication take-off",352,source
85eaa127-0703-5dfd-bee9-d480cc91fd39,vmu02.glb/node/27/primitive/0,VMU02|Access steps (indicative),VMU02,STEEL_HDG,True,True,False,False,False,3,0,0.0,15.621001282490887,,non-manifold mesh; volume omitted,144,source
904f4612-b3b6-5bca-9959-e89b3d5f5212,vmu02.glb/node/26/primitive/0,VMU02|Roof framing,VMU02,STEEL_HDG,True,True,False,False,False,13,0,0.0,64.81677215378262,,non-manifold mesh; volume omitted,360,source
c7a48903-9d5c-5eed-9c24-c5e55570af54,vmu02.glb/node/25/primitive/0,VMU02|Steel columns SHS200,VMU02,STEEL_HDG,True,True,True,True,True,5,0,0.0,19.931274444281872,0.9765644347827249,"solid mesh; geometric volume, not a fabrication take-off",120,source
228d73fe-9ec9-51b3-aef6-08dc33a3127e,vmu02.glb/node/24/primitive/0,VMU02|GMS ribbed roof,VMU02,GMS_RIBBED,True,True,True,True,True,1,0,0.0,167.4898529893074,0.11166676057433828,"solid mesh; geometric volume, not a fabrication take-off",3736,source
9cfc12dc-372d-5147-bc89-e2814ad85894,vmu02.glb/node/23/primitive/0,VMU02|GMS ribbed walls,VMU02,GMS_RIBBED,True,True,False,False,False,6,0,0.0,143.84199473702998,,non-manifold mesh; volume omitted,4928,source
279cb360-f9b2-5b9a-8172-0edd47ba270c,vmu02.glb/node/22/primitive/0,VMU02|Door operators,VMU02,AL_T01,True,True,True,True,True,3,0,0.0,5.048203074321184,0.18111019181360022,"solid mesh; geometric volume, not a fabrication take-off",72,source
bca7cb04-0bce-50fa-a5a4-bfe36a40ee8e,vmu02.glb/node/21/primitive/0,VMU02|Interior transoms T01,VMU02,AL_T01,True,True,False,False,False,8,0,0.0,7.950201412744522,,non-manifold mesh; volume omitted,216,source
61aa5d7c-ff11-59ba-8b91-179e7f2517e4,vmu02.glb/node/20/primitive/0,VMU02|Interior mullions T01,VMU02,AL_T01,True,True,False,False,False,20,0,0.0,31.44137532051049,,non-manifold mesh; volume omitted,624,source
c69b5355-f6aa-52c3-8975-4c40f436264a,vmu02.glb/node/19/primitive/0,VMU02|Door jamb and head covers T02,VMU02,AL_T02,True,True,False,False,False,8,0,0.0,8.154730934597545,,non-manifold mesh; volume omitted,336,source
76d9561f-8853-591e-bf7d-32f13ced9a4d,vmu02.glb/node/18/primitive/0,VMU02|Aluminium bands T02,VMU02,AL_T02,True,True,False,False,False,7,0,0.0,85.71509470957785,,non-manifold mesh; volume omitted,240,source
5b24992e-06aa-5b31-b97d-f4ff1ad4465c,vmu02.glb/node/17/primitive/0,VMU02|SSG joints,VMU02,SEALANT_BLACK,True,True,False,False,False,24,0,0.0,6.474251759931095,,non-manifold mesh; volume omitted,600,source
4ed87b79-e1ae-5b93-85f4-c25437e8ed80,vmu02.glb/node/16/primitive/0,VMU02|Door leaf|door3_leaf_R,VMU02,GL_DOOR,True,False,True,True,False,1,1,10.642000863484222,5.663351662207127,,open mesh; volume omitted,4,source
8e485f34-197f-5646-a93b-1103b05f0817,vmu02.glb/node/15/primitive/0,VMU02|Door leaf|door3_leaf_L,VMU02,GL_DOOR,True,False,True,True,False,1,1,10.642000884616754,5.663351702887251,,open mesh; volume omitted,4,source
e8fad859-89bf-5890-9097-bb187409a806,vmu02.glb/node/14/primitive/0,VMU02|Door leaf|door2_leaf_R,VMU02,GL_DOOR,True,False,True,True,False,1,1,10.64199691355577,5.663344058594858,,open mesh; volume omitted,4,source
eb93bebf-72fa-57e8-b38f-89527c93582d,vmu02.glb/node/13/primitive/0,VMU02|Door leaf|door2_leaf_L,VMU02,GL_DOOR,True,False,True,True,False,1,1,10.642000916315554,5.663351763907442,,open mesh; volume omitted,4,source
f4064a30-81de-5a04-8f3b-49707ec87e8c,vmu02.glb/node/12/primitive/0,VMU02|Door leaf|door1_leaf_R,VMU02,GL_DOOR,True,False,True,True,False,1,1,8.796003344115372,3.20743081040046,,open mesh; volume omitted,4,source
913109ed-f945-5011-82ed-cd510f8c5939,vmu02.glb/node/11/primitive/0,VMU02|Door leaf|door1_leaf_L,VMU02,GL_DOOR,True,False,True,True,False,1,1,8.795999848535809,3.2074247368309683,,open mesh; volume omitted,4,source
84c178eb-fa79-5047-ac22-986d49f50f47,vmu02.glb/node/10/primitive/0,VMU02|IGU glass|B_bay4_fixed,VMU02,GL03_VISION_B,True,False,True,True,False,1,1,12.293998027006099,8.950078273014517,,open mesh; volume omitted,4,source
9180baaf-ef4a-5594-8753-f8e75c35948e,vmu02.glb/node/9/primitive/0,VMU02|IGU glass|B_bay2_fixed,VMU02,GL03_VISION_B,True,False,True,True,False,1,1,12.29400174447662,8.950085295316336,,open mesh; volume omitted,4,source
92d7c1ab-b498-563a-8d85-0625ee28ab5f,vmu02.glb/node/8/primitive/0,VMU02|IGU glass|A_T9_bay6_fixed,VMU02,GL03_VISION_B,True,False,True,True,False,1,1,12.29400174447662,8.950085295316336,,open mesh; volume omitted,4,source
9fcfc734-29c1-5aac-8310-90be16941f0f,vmu02.glb/node/7/primitive/0,VMU02|IGU glass|A_T9_bay4_fixed,VMU02,GL03_VISION_B,True,False,True,True,False,1,1,12.293997741716797,8.950077734103028,,open mesh; volume omitted,4,source
f3d215eb-7d4a-571c-a5c2-13cbc85e8585,vmu02.glb/node/6/primitive/0,VMU02|IGU glass|A_T1_bay3_upper,VMU02,GL03_VISION_B,True,False,True,True,False,1,1,3.613997619928044,0.7889210409431322,,open mesh; volume omitted,4,source
014c853f-b4e2-549a-9a3e-387b9155f6d7,vmu02.glb/node/5/primitive/0,VMU02|IGU glass|A_T1_bay2_upper,VMU02,GL03_VISION_B,True,False,True,True,False,1,1,5.013997647871818,1.3055208803559442,,open mesh; volume omitted,4,source
55a4dc25-746f-5d45-b39f-6cd7dc36ce09,vmu02.glb/node/4/primitive/0,VMU02|IGU glass|A_T1_bay1_upper,VMU02,GL03_VISION_B,True,False,True,True,False,1,1,3.6140016226878506,0.7889225179610123,,open mesh; volume omitted,4,source
1045ad1a-23ce-56e9-9526-b42e636743e8,vmu02.glb/node/3/primitive/0,VMU02|IGU glass|A_T1_bay3_lower,VMU02,GL03_VISION_B,True,False,True,True,False,1,1,8.923998108209295,3.627113790577067,,open mesh; volume omitted,4,source
e99fad82-9267-5e21-aa09-49b2ca1f491f,vmu02.glb/node/2/primitive/0,VMU02|IGU glass|A_T1_bay1_lower,VMU02,GL03_VISION_B,True,False,True,True,False,1,1,8.9240021109691,3.627120581259079,,open mesh; volume omitted,4,source
26b85070-0764-5686-8bce-5303dc62290b,vmu02.glb/node/1/primitive/0,VMU02|Plywood floor,VMU02,PLYWOOD,True,True,True,True,True,1,0,0.0,145.67152445968534,1.7375848853032092,"solid mesh; geometric volume, not a fabrication take-off",24,source
0bcd8717-bf42-56ab-85bd-0c8f89580537,vmu02.glb/node/0/primitive/0,VMU02|Base platform skirting,VMU02,AL_T02,True,True,False,False,False,5,0,0.0,33.6041165208831,,non-manifold mesh; volume omitted,192,source
cea64002-c042-5ffb-895e-8181b4712da5,vmu01_canopy.glb/node/19/primitive/0,VMU01_CANOPY|extension|Base plates 400x400 + 8 stiffeners + 8 bolts,VMU01_CANOPY,AL_T02,True,False,True,True,False,264,64,4.77056726004277,4.525179035248153,,open mesh; volume omitted,15648,source
dabec81e-6890-50a7-8a13-0e69153d9e73,vmu01_canopy.glb/node/18/primitive/0,VMU01_CANOPY|existing|Base plates 400x400 + 8 stiffeners + 8 bolts,VMU01_CANOPY,AL_T02,True,False,True,True,False,99,24,1.7889590250866199,1.6969422232585563,,open mesh; volume omitted,5868,source
45c3564f-8d4c-52de-b3e2-4c0b762503ea,vmu01_canopy.glb/node/17/primitive/0,VMU01_CANOPY|extension|Columns CHS150x5,VMU01_CANOPY,AL_T02,True,False,True,True,False,8,8,3.767220209841423,11.533916825125452,,open mesh; volume omitted,3456,source
67f3ee7b-c986-5a12-aa6a-093454bf7f7e,vmu01_canopy.glb/node/16/primitive/0,VMU01_CANOPY|existing|Columns CHS150x5,VMU01_CANOPY,AL_T02,True,False,True,True,False,3,3,1.4127074255858618,4.43258998673932,,open mesh; volume omitted,1296,source
4e96cd09-b88f-545d-9159-adfaf48a50c9,vmu01_canopy.glb/node/15/primitive/0,VMU01_CANOPY|extension|GMS 150x100x6 primaries (concealed),VMU01_CANOPY,STEEL_HDG,True,False,True,True,False,2,14,43.74257133463254,41.48289497022538,,open mesh; volume omitted,14634,source
a43643d9-b637-5076-8f67-d1fe66838f0b,vmu01_canopy.glb/node/14/primitive/0,VMU01_CANOPY|existing|GMS 150x100x6 primaries (concealed),VMU01_CANOPY,STEEL_HDG,True,False,True,True,False,1,10,67.53225859836157,33.254333932015335,,open mesh; volume omitted,5730,source
e7420074-e722-5baf-aa1a-171cd5df7ed6,vmu01_canopy.glb/node/13/primitive/0,VMU01_CANOPY|extension|Soffit joints 20 mm,VMU01_CANOPY,SEALANT_BLACK,True,False,True,True,False,7,9,162.4785582028194,1.6208407107380896,,open mesh; volume omitted,2826,source
e5b5cc1d-ce80-5a12-9195-c8aabc054d1f,vmu01_canopy.glb/node/12/primitive/0,VMU01_CANOPY|existing|Soffit joints 20 mm,VMU01_CANOPY,SEALANT_BLACK,True,False,True,True,False,2,4,142.31772757109712,1.4236149375938627,,open mesh; volume omitted,1530,source
b96c8f7c-3e22-57a0-9369-0ac9950740fe,vmu01_canopy.glb/node/11/primitive/0,VMU01_CANOPY|extension|Soffit 3 mm alu panels,VMU01_CANOPY,AL_T02,True,False,True,True,False,35,35,209.44294649163822,34.998550608372426,,open mesh; volume omitted,4164,source
b9b36659-3d1c-5bd4-ae87-ccd69080392c,vmu01_canopy.glb/node/10/primitive/0,VMU01_CANOPY|existing|Soffit 3 mm alu panels,VMU01_CANOPY,AL_T02,True,False,True,True,False,31,31,167.17824812636957,34.75290263103941,,open mesh; volume omitted,1947,source
536213b3-1a98-5ae0-b8d4-dd8f1107e6de,vmu01_canopy.glb/node/9/primitive/0,VMU01_CANOPY|extension|Chamfer 420 x 206 to soffit,VMU01_CANOPY,AL_T02,True,False,True,True,False,3,2,76.17384975685701,17.148464804275527,,open mesh; volume omitted,5790,source
7ffd7033-7bf2-5f76-8aec-213f6c7d0f61,vmu01_canopy.glb/node/8/primitive/0,VMU01_CANOPY|existing|Chamfer 420 x 206 to soffit,VMU01_CANOPY,AL_T02,True,False,True,False,False,3,3,41.06173735824025,8.946183203968715,,open mesh; volume omitted,2991,source
e0cea942-4782-5f10-b8a8-4ff8ff9627b6,vmu01_canopy.glb/node/7/primitive/0,VMU01_CANOPY|extension|Fascia 100 vertical,VMU01_CANOPY,AL_T02,True,False,True,True,False,3,4,90.83088626414637,5.944419891444493,,open mesh; volume omitted,7020,source
2dcb6769-bd9a-5f82-bffa-f17ebd5bec55,vmu01_canopy.glb/node/6/primitive/0,VMU01_CANOPY|existing|Fascia 100 vertical,VMU01_CANOPY,AL_T02,True,False,True,True,False,2,2,39.26881041482191,1.9431788042309288,,open mesh; volume omitted,2844,source
237b17db-ef70-5d1d-93c4-9996f575e734,vmu01_canopy.glb/node/5/primitive/0,VMU01_CANOPY|extension|Top joints 20 mm,VMU01_CANOPY,SEALANT_BLACK,True,False,True,True,False,9,21,216.0992668778726,2.160657585169745,,open mesh; volume omitted,3780,source
8e54f622-bfde-53fe-907a-18da6547486d,vmu01_canopy.glb/node/4/primitive/0,VMU01_CANOPY|existing|Top joints 20 mm,VMU01_CANOPY,SEALANT_BLACK,True,False,True,True,False,1,3,155.9453858273023,1.5606169851362393,,open mesh; volume omitted,1662,source
a4b8b9fc-d0fd-58e5-922a-2489f47fc1b0,vmu01_canopy.glb/node/3/primitive/0,VMU01_CANOPY|extension|Top edge band 150 (3 mm alu) incl. oculus ring,VMU01_CANOPY,AL_T02,True,False,True,True,False,5,6,91.7141864319889,6.29665689490485,,open mesh; volume omitted,2952,source
9f561d5e-bb59-5055-be31-ed96154727b5,vmu01_canopy.glb/node/2/primitive/0,VMU01_CANOPY|existing|Top edge band 150 (3 mm alu) incl. oculus ring,VMU01_CANOPY,AL_T02,True,False,True,True,False,4,4,40.2623020572138,2.700718025200082,,open mesh; volume omitted,993,source
f131a4d7-ed23-58c6-ac42-20e5664ba74c,vmu01_canopy.glb/node/1/primitive/0,VMU01_CANOPY|extension|Top 25 mm honeycomb panels (1000 strips),VMU01_CANOPY,AL_MOUSEGREY,True,False,True,True,False,43,43,176.47305730542527,43.56847711285519,,open mesh; volume omitted,1821,source
f090e88f-b7db-5684-bcac-11f9de0d07be,vmu01_canopy.glb/node/0/primitive/0,VMU01_CANOPY|existing|Top 25 mm honeycomb panels (1000 strips),VMU01_CANOPY,AL_MOUSEGREY,True,False,True,True,False,30,30,143.0059072962207,39.92493643661346,,open mesh; volume omitted,798,source
6415137e-f2ed-5aa4-878c-fbf9ee181c52,vmu_cad.glb/node/13/primitive/0,TRELLIS|Steel frame / Base plates,TRELLIS,STEEL_HDG,True,True,True,True,True,4,0,0.0,1.4080022964301,0.012800021870760918,"solid mesh; geometric volume, not a fabrication take-off",96,source
7e50bb22-9c56-57c5-a0a3-0ea3b7da05c3,vmu_cad.glb/node/12/primitive/0,TRELLIS|Ring splice plates (hidden),TRELLIS,STEEL_HDG,True,True,True,True,True,4,0,0.0,0.3880603179527931,0.004981215899309646,"solid mesh; geometric volume, not a fabrication take-off",416,source
7e5f6994-fa5a-5f58-9cc5-22f0f5fa16db,vmu_cad.glb/node/11/primitive/0,TRELLIS|Grille support angles L75x75x5,TRELLIS,STEEL_HDG,True,True,True,True,True,2,0,0.0,1.436902597867386,0.0034653691195758187,"solid mesh; geometric volume, not a fabrication take-off",72,source
c335af99-d647-5350-bc84-8c9a77600573,vmu_cad.glb/node/10/primitive/0,TRELLIS|Steel frame / L75X5 angle,TRELLIS,STEEL_HDG,True,True,True,True,True,4,0,0.0,2.7958081651603783,0.006742326517447312,"solid mesh; geometric volume, not a fabrication take-off",144,source
3e5ebd6f-d7b8-51f1-8e8e-2ad21c8bdfeb,vmu_cad.glb/node/9/primitive/0,TRELLIS|Steel frame / L75X50X5 angle,TRELLIS,STEEL_HDG,True,True,True,True,True,14,0,0.0,0.5418011757971235,0.0012600361194046736,"solid mesh; geometric volume, not a fabrication take-off",504,source
94cde020-4fe8-551c-8fdf-34e1629d8a7b,vmu_cad.glb/node/8/primitive/0,TRELLIS|Steel frame / 80X50X4 SHS,TRELLIS,STEEL_HDG,True,True,True,True,True,6,0,0.0,4.813619548471205,0.009603444592360816,"solid mesh; geometric volume, not a fabrication take-off",288,source
77d4a5df-6fe2-5b68-81e5-83de3272c268,vmu_cad.glb/node/7/primitive/0,TRELLIS|Steel frame / 140X140X5 SHS,TRELLIS,STEEL_HDG,True,True,False,False,False,2,0,0.0,22.863621822386914,,non-manifold mesh; volume omitted,288,source
b514e5b3-5d15-50fb-8ba6-ea32716e1e47,vmu_cad.glb/node/6/primitive/0,TRELLIS|Steel frame / 100X100X5 SHS,TRELLIS,STEEL_HDG,True,True,True,True,True,4,0,0.0,6.86399973512443,0.16959998230459594,"solid mesh; geometric volume, not a fabrication take-off",96,source
6eb0abac-8eeb-5cd7-ab66-cbf0c3a39e41,vmu_cad.glb/node/55/primitive/0,VMU03|Steel frame / SHS 180x180x5mm,VMU03,STEEL_HDG,True,True,True,True,True,25,0,0.0,190.19038126479091,0.4743197620389201,"solid mesh; geometric volume, not a fabrication take-off",36209,source
f8c41cce-e04e-533a-b68d-add84cc8a5f1,vmu_cad.glb/node/54/primitive/0,VMU03|Steel frame / SHS 120x60x5mm,VMU03,STEEL_HDG,True,False,True,True,False,181,88,2.1906859742375264,74.56163389807256,,open mesh; volume omitted,344556,source
58c5e484-2b2f-5e7e-8fd7-f2a76c42e722,vmu_cad.glb/node/52/primitive/0,VMU03|Setting blocks,VMU03,STEEL_HDG,True,True,True,True,True,23,0,0.0,7.948799423709752,0.05887999556696844,"solid mesh; geometric volume, not a fabrication take-off",690,source
995d8003-ef6d-58eb-97e6-4b110fef77cb,vmu_cad.glb/node/39/primitive/0,VMU01|Steel frame / Stair handrail,VMU01,STEEL_HDG,True,False,False,False,False,83,2,0.17799991550436634,13.78061726757407,,open mesh; volume omitted,2032,source
55700a8d-7d05-5cfc-a7b8-22b810c3b2ed,vmu_cad.glb/node/38/primitive/0,VMU01|Steel frame / Steel stair,VMU01,STEEL_HDG,True,True,False,False,False,7,0,0.0,34.023338536964026,,non-manifold mesh; volume omitted,948,source
1fa4c55e-611c-5e53-b670-90efdf8c46fb,vmu_cad.glb/node/37/primitive/0,VMU01|Steel frame / Base plates,VMU01,STEEL_HDG,True,True,True,True,True,12,0,0.0,9.216003398145505,0.08640003288527853,"solid mesh; geometric volume, not a fabrication take-off",288,source
1d2ca99e-06a8-53aa-b795-13a18353a532,vmu_cad.glb/node/36/primitive/0,VMU01|Steel frame / 300X300X9 SHS,VMU01,STEEL_HDG,True,True,True,True,True,6,0,0.0,214.16454586617022,0.9631812153955179,"solid mesh; geometric volume, not a fabrication take-off",288,source
ea34e644-f584-56f8-ad53-bab861789b89,vmu_cad.glb/node/35/primitive/0,VMU01|Steel frame / 250X250X9 SHS,VMU01,STEEL_HDG,True,True,True,True,True,5,0,0.0,14.627072946767315,0.875129600195334,"solid mesh; geometric volume, not a fabrication take-off",400,source
d4e1ad35-6eab-5118-a19e-075539ae1a28,vmu_cad.glb/node/34/primitive/0,VMU01|Steel frame / 150X150X5 SHS,VMU01,STEEL_HDG,True,True,True,True,True,7,0,0.0,15.171572795878365,0.4958837667900454,"solid mesh; geometric volume, not a fabrication take-off",1566,source
b7ea1431-7fde-52ae-a2e3-829f603b3938,vmu_cad.glb/node/33/primitive/0,VMU01|Steel frame / 120X60X6 SHS,VMU01,STEEL_HDG,True,True,True,True,True,1,0,0.0,2.7143889387525717,0.05399967497806194,"solid mesh; geometric volume, not a fabrication take-off",24,source
14ba4154-ee9b-5ffc-992f-4171df95d590,vmu_cad.glb/node/30/primitive/0,VMU01|Ground grille TYPE 11 (3 mm rails),VMU01,AL_WOOD,True,False,True,True,False,34,34,65.4120429127238,7.978029635198627,,open mesh; volume omitted,692,source
4e5b3f2a-243f-5f43-8fb1-40849c14444f,vmu_cad.glb/node/29/primitive/0,VMU01|Ground grille TYPE 11 (L300x300x5 posts),VMU01,AL_WOOD,True,True,True,True,True,17,0,0.0,88.08211675017212,0.21811724893190002,"solid mesh; geometric volume, not a fabrication take-off",612,source
25d10a6a-535d-5771-81b4-e95c973d4330,vmu_cad.glb/node/17/primitive/0,VMU01|Closure panels,VMU01,GMS_RIBBED,True,False,True,True,False,5,5,120.21318642254415,169.887748166779,,open mesh; volume omitted,25,source
