component_id,source_key,source_file,name,layer_path,group,part,role,finish,confidence,vertices,source_triangles,triangles,culled_degenerate_faces,uv_count,min_x_mm,max_x_mm,min_y_mm,max_y_mm,min_z_mm,max_z_mm
a543db5c-fcd0-5fef-a748-210a46b4c2c7,vmu_cad.glb/node/14/primitive/0,vmu_cad.glb,VMU01|Middle transom,MOCKUP_VMU::VMU01::Middle transom,VMU01,,,AL_T02,high / low,1340,1400,1400,0,0,-6796.608448028564,1891.0081386566162,-4378.671646118164,3473.57177734375,3404.9999713897705,3494.999885559082
3aa85064-f1ab-57fb-bbf7-95dcf8e09cc0,vmu_cad.glb/node/15/primitive/0,vmu_cad.glb,VMU01|Ceiling,MOCKUP_VMU::VMU01::Ceiling,VMU01,,,WHITE,none,60,54,54,0,0,-7354.557991027832,1614.7857904434204,-4163.460731506348,4926.175594329834,3404.9999713897705,13500.0
6a306e73-447d-5d6b-a69f-c816615896e4,vmu_cad.glb/node/16/primitive/0,vmu_cad.glb,VMU01|Interior finish,MOCKUP_VMU::VMU01::Interior finish,VMU01,,,WHITE,low,141,106,106,0,0,-9356.987953186035,1614.7857904434204,-4163.460731506348,5784.77144241333,4544.083118438721,9850.008964538574
25d10a6a-535d-5771-81b4-e95c973d4330,vmu_cad.glb/node/17/primitive/0,vmu_cad.glb,VMU01|Closure panels,MOCKUP_VMU::VMU01::Closure panels,VMU01,,,GMS_RIBBED,medium,25,13,13,0,25,-10209.258079528809,1944.5480108261108,-5033.4577560424805,5720.391273498535,4335.000038146973,15553.747177124023
988d8554-4b6f-5cab-b552-ac8632f8d90d,vmu_cad.glb/node/18/primitive/0,vmu_cad.glb,"VMU01|Plywood infill, grid-2 face","MOCKUP_VMU::VMU01::Plywood infill, grid-2 face",VMU01,,,PLYWOOD,high / low,8,4,4,0,0,-4593.986511230469,-141.24542474746704,3512.6540660858154,5166.623592376709,4335.000038146973,10625.0
aa8a9ca3-8124-5cb6-8426-4bae9db36bbe,vmu_cad.glb/node/19/primitive/0,vmu_cad.glb,VMU01|Minor transoms,MOCKUP_VMU::VMU01::Minor transoms,VMU01,,,AL_T02,high / low,3727,3706,3706,0,0,-6757.75671005249,1747.193455696106,-4267.061233520508,3368.778705596924,5294.970989227295,14444.979667663574
eca1d1f9-10ad-55b9-b4d0-123f10200c2c,vmu_cad.glb/node/20/primitive/0,vmu_cad.glb,VMU01|Roof coping RAL9016,MOCKUP_VMU::VMU01::Roof coping RAL9016,VMU01,,,AL_RAL9016,high / medium,4412,5503,5503,0,0,-10286.463737487793,2056.5099716186523,-4420.299530029297,6302.4582862854,15184.954643249512,15624.966621398926
e2230715-c236-5568-a4db-a57f56b46395,vmu_cad.glb/node/21/primitive/0,vmu_cad.glb,VMU01|Closure aluminium panels,MOCKUP_VMU::VMU01::Closure aluminium panels,VMU01,,,AL_T02,high / low,96,56,56,0,0,-10209.071159362793,-4593.985080718994,-1589.7845029830933,6193.82905960083,4335.000038146973,4672.500133514404
3df87261-9942-5a2e-8698-96158e563b3c,vmu_cad.glb/node/22/primitive/0,vmu_cad.glb,VMU01|Balustrade,MOCKUP_VMU::VMU01::Balustrade,VMU01,,,SS_BRUSHED,medium,672,448,448,0,0,-2122.2286224365234,-1801.3484477996826,4275.6476402282715,5008.977890014648,6029.647350311279,11074.807167053223
e312bc7d-6a30-5d08-a9e8-a168beb3d47b,vmu_cad.glb/node/23/primitive/0,vmu_cad.glb,VMU01|Balcony closure (12 mm plywood),MOCKUP_VMU::VMU01::Balcony closure (12 mm plywood),VMU01,,,PLYWOOD,high / low,204,104,104,0,0,-4359.593868255615,163.3003056049347,3533.536434173584,6050.765037536621,3404.802083969116,10624.807357788086
57aa223e-be41-5d75-93a4-b7b34add831f,vmu_cad.glb/node/24/primitive/0,vmu_cad.glb,VMU01|Transoms,MOCKUP_VMU::VMU01::Transoms,VMU01,,,AL_T02,high / low,8732,8684,8684,0,0,-9710.524559020996,1891.1914825439453,-4378.7994384765625,6140.448093414307,3595.0000286102295,15220.909118652344
970fcf8f-4ea3-5c0b-9246-b3b650cd9cb4,vmu_cad.glb/node/25/primitive/0,vmu_cad.glb,VMU01|Glass panels,MOCKUP_VMU::VMU01::Glass panels,VMU01,,,GL01_VISION,high / medium,204,162,162,0,0,-9749.444007873535,1944.5480108261108,-4420.166969299316,6193.825244903564,4715.000152587891,13149.999618530273
0d1ab01c-ede2-5c94-bfc1-755bcba45c4f,vmu_cad.glb/node/26/primitive/0,vmu_cad.glb,VMU01|Glass panels GL02 (vision),MOCKUP_VMU::VMU01::Glass panels GL02 (vision),VMU01,,,GL01_VISION,high / medium,8,4,4,0,0,-6811.11478805542,-4701.920986175537,-3524.20711517334,-2740.7474517822266,6074.999809265137,11750.0
d247fe25-8b59-50e5-a761-5d77adf3c30c,vmu_cad.glb/node/27/primitive/0,vmu_cad.glb,"VMU01|Louvre panels TYPE 8 (1946 high, 24 blades @75)","MOCKUP_VMU::VMU01::Louvre panels TYPE 8 (1946 high, 24 blades @75)",VMU01,,,AL_T02,high / low,11328,5664,5664,0,0,-9746.293067932129,-4609.999179840088,-286.04063391685486,6173.880100250244,9201.749801635742,11147.749900817871
e233f66f-5a76-5fad-b1f7-a21dc03ebbc2,vmu_cad.glb/node/28/primitive/0,vmu_cad.glb,VMU01|Mullions,MOCKUP_VMU::VMU01::Mullions,VMU01,,,AL_T02,high / low,432,220,220,0,0,-9725.790977478027,1882.6141357421875,-4284.426689147949,6131.781578063965,3404.9999713897705,15175.000190734863
4e5b3f2a-243f-5f43-8fb1-40849c14444f,vmu_cad.glb/node/29/primitive/0,vmu_cad.glb,VMU01|Ground grille TYPE 11 (L300x300x5 posts),MOCKUP_VMU::VMU01::Ground grille TYPE 11 (L300x300x5 posts),VMU01,,,AL_WOOD,high / low,612,340,340,0,612,-9747.583389282227,-6958.486557006836,-1466.78626537323,5667.966842651367,0.0,4320.001602172852
14ba4154-ee9b-5ffc-992f-4171df95d590,vmu_cad.glb/node/30/primitive/0,vmu_cad.glb,VMU01|Ground grille TYPE 11 (3 mm rails),MOCKUP_VMU::VMU01::Ground grille TYPE 11 (3 mm rails),VMU01,,,AL_WOOD,high / low,692,348,348,0,692,-9850.303649902344,-6964.914321899414,-1465.0452136993408,5663.280010223389,25.00106766819954,4320.001602172852
2a3d9e19-1184-56f6-b77a-9077f07f3ddc,vmu_cad.glb/node/31/primitive/0,vmu_cad.glb,VMU01|Decorative fins,MOCKUP_VMU::VMU01::Decorative fins,VMU01,,,AL_RAL7038,high / medium,80021,71224,71224,0,0,-10546.252250671387,2647.951364517212,-4970.308303833008,7282.9155921936035,3404.999256134033,15155.05313873291
f4c5b50c-e3d7-586b-8435-fc043629eb1c,vmu_cad.glb/node/32/primitive/0,vmu_cad.glb,VMU01|Fin cover panels,MOCKUP_VMU::VMU01::Fin cover panels,VMU01,,,AL_RAL7038,high / medium,9616,8863,8863,0,0,-9764.444351196289,1961.4250659942627,-4436.304569244385,6210.7062339782715,3655.5073261260986,15155.007362365723
b7ea1431-7fde-52ae-a2e3-829f603b3938,vmu_cad.glb/node/33/primitive/0,vmu_cad.glb,VMU01|Steel frame / 120X60X6 SHS,MOCKUP_VMU::VMU01::Steel frame / 120X60X6 SHS,VMU01,,,STEEL_HDG,high,24,12,12,0,24,-9765.613555908203,-7041.594505310059,-1435.9157085418701,5636.508941650391,4342.9999351501465,4402.9998779296875
d4e1ad35-6eab-5118-a19e-075539ae1a28,vmu_cad.glb/node/34/primitive/0,vmu_cad.glb,VMU01|Steel frame / 150X150X5 SHS,MOCKUP_VMU::VMU01::Steel frame / 150X150X5 SHS,VMU01,,,STEEL_HDG,high,1566,1786,1786,0,1566,-9226.42707824707,564.2293691635132,-4968.7957763671875,6378.6139488220215,19.99998465180397,2940.293550491333
ea34e644-f584-56f8-ad53-bab861789b89,vmu_cad.glb/node/35/primitive/0,vmu_cad.glb,VMU01|Steel frame / 250X250X9 SHS,MOCKUP_VMU::VMU01::Steel frame / 250X250X9 SHS,VMU01,,,STEEL_HDG,high,400,412,412,0,400,-9267.478942871094,-5050.328731536865,-676.3538122177124,4409.22737121582,4294.097423553467,9801.520347595215
1d2ca99e-06a8-53aa-b795-13a18353a532,vmu_cad.glb/node/36/primitive/0,vmu_cad.glb,VMU01|Steel frame / 300X300X9 SHS,MOCKUP_VMU::VMU01::Steel frame / 300X300X9 SHS,VMU01,,,STEEL_HDG,high,288,192,192,0,288,-8450.282096862793,-211.88315749168396,-2716.075897216797,4125.881671905518,19.999999552965164,15409.000396728516
1fa4c55e-611c-5e53-b670-90efdf8c46fb,vmu_cad.glb/node/37/primitive/0,vmu_cad.glb,VMU01|Steel frame / Base plates,MOCKUP_VMU::VMU01::Steel frame / Base plates,VMU01,,,STEEL_HDG,high,288,144,144,0,288,-9513.63468170166,851.4701128005981,-5252.466201782227,6662.271976470947,0.0,19.999999552965164
55700a8d-7d05-5cfc-a7b8-22b810c3b2ed,vmu_cad.glb/node/38/primitive/0,vmu_cad.glb,VMU01|Steel frame / Steel stair,MOCKUP_VMU::VMU01::Steel frame / Steel stair,VMU01,,,STEEL_HDG,high,948,540,540,0,948,-8071.71630859375,-5291.8291091918945,-604.5145988464355,4903.629779815674,16.835708171129227,9811.47575378418
995d8003-ef6d-58eb-97e6-4b110fef77cb,vmu_cad.glb/node/39/primitive/0,vmu_cad.glb,VMU01|Steel frame / Stair handrail,MOCKUP_VMU::VMU01::Steel frame / Stair handrail,VMU01,,,STEEL_HDG,high,2032,1016,1016,0,2032,-9299.467086791992,-4537.999629974365,-2342.5471782684326,4875.68998336792,390.93321561813354,11428.12728881836
e47594e4-c551-5424-a311-af3820ff4bd1,vmu_cad.glb/node/40/primitive/0,vmu_cad.glb,VMU01|Aluminium back panel,MOCKUP_VMU::VMU01::Aluminium back panel,VMU01,,,AL_T01,high / low,3408,3864,3864,0,0,-6755.036354064941,1737.1634244918823,-4259.245872497559,3361.38916015625,8673.981666564941,14365.987777709961
763a861f-dd85-5780-a426-c69d0aa21d26,vmu_cad.glb/node/41/primitive/0,vmu_cad.glb,VMU03|Aluminium profiles,MOCKUP_VMU::VMU03::Aluminium profiles,VMU03,,,AL_RAL7038,high / medium,144,80,80,0,0,-15536.168098449707,3638.4525299072266,9035.388946533203,20422.588348388672,4173.999309539795,5272.03369140625
713b2775-3c7b-5d6e-add1-00bba1d37cde,vmu_cad.glb/node/42/primitive/0,vmu_cad.glb,VMU03|Aluminium profiles / Triangular profiles,MOCKUP_VMU::VMU03::Aluminium profiles / Triangular profiles,VMU03,,,AL_RAL7038,high / medium,32029,34802,34802,0,0,-15536.168098449707,4529.797554016113,9015.209197998047,20448.64273071289,4284.999847412109,5947.000026702881
d92fd776-ac77-5ba0-a0d8-3f5feb8f2dab,vmu_cad.glb/node/43/primitive/0,vmu_cad.glb,VMU03|Aluminium profiles / Profile type 01,MOCKUP_VMU::VMU03::Aluminium profiles / Profile type 01,VMU03,,,AL_RAL7038,high / medium,150265,183785,183715,70,0,-14052.485466003418,5043.7116622924805,8833.839416503906,20413.91944885254,1999.9977350234985,3899.991273880005
a1e5b6dd-4d24-52e3-b9b0-866abcb193d7,vmu_cad.glb/node/44/primitive/0,vmu_cad.glb,VMU03|Aluminium profiles / Profile type 02,MOCKUP_VMU::VMU03::Aluminium profiles / Profile type 02,VMU03,,,AL_RAL7038,high / medium,235715,295298,295206,92,0,-14137.419700622559,4743.7262535095215,8940.868377685547,20132.60269165039,1999.9977350234985,3899.991273880005
02d4ba4a-eca2-5162-9bb1-b863feedec32,vmu_cad.glb/node/45/primitive/0,vmu_cad.glb,VMU03|Aluminium profiles / Profile type 03,MOCKUP_VMU::VMU03::Aluminium profiles / Profile type 03,VMU03,,,AL_RAL7038,high / medium,136993,164452,164452,0,0,-6170.234203338623,5043.786525726318,8833.839416503906,17532.426834106445,2924.9911308288574,3712.191581726074
38f814a7-25f8-55db-91e8-744e247c7959,vmu_cad.glb/node/46/primitive/0,vmu_cad.glb,VMU03|Aluminium profiles / Profile type 04,MOCKUP_VMU::VMU03::Aluminium profiles / Profile type 04,VMU03,,,AL_RAL7038,high / medium,143886,181872,181595,277,0,-6032.439708709717,4743.795394897461,8940.868377685547,17153.718948364258,2924.9911308288574,3674.9911308288574
8e98c2eb-aef5-566c-b468-24322f7c81e2,vmu_cad.glb/node/47/primitive/0,vmu_cad.glb,VMU03|Aluminium profiles / Profile type 05,MOCKUP_VMU::VMU03::Aluminium profiles / Profile type 05,VMU03,,,AL_RAL7038,high / medium,72398,85792,85792,0,0,-15551.182746887207,5043.786525726318,8833.839416503906,20931.671142578125,3899.991273880005,4170.010089874268
55b748e4-3bec-58c1-8690-91f3a47ed402,vmu_cad.glb/node/48/primitive/0,vmu_cad.glb,VMU03|Aluminium profiles / Profile type 06,MOCKUP_VMU::VMU03::Aluminium profiles / Profile type 06,VMU03,,,AL_RAL7038,high / medium,104323,127566,127566,0,0,-15548.369407653809,4743.795394897461,8940.868377685547,20649.311065673828,3899.991273880005,4170.010089874268
5cd5b659-c593-5358-9303-bd1964850b20,vmu_cad.glb/node/49/primitive/0,vmu_cad.glb,VMU03|Aluminium profiles / Profile type 07,MOCKUP_VMU::VMU03::Aluminium profiles / Profile type 07,VMU03,,,AL_RAL7038,high / medium,138836,165496,165496,0,0,-15531.547546386719,4669.791221618652,8963.761329650879,20580.963134765625,4600.085258483887,5949.958801269531
09f76907-4258-5324-938a-fd32acd91a17,vmu_cad.glb/node/50/primitive/0,vmu_cad.glb,VMU03|Aluminium profiles / Profile type 08,MOCKUP_VMU::VMU03::Aluminium profiles / Profile type 08,VMU03,,,AL_RAL7038,high / medium,33908,39908,39908,0,0,-15547.675132751465,4508.095741271973,9022.747993469238,20428.29132080078,4150.49934387207,4170.499324798584
c5f8be06-f97b-53f3-92de-fc3d5e1620b3,vmu_cad.glb/node/51/primitive/0,vmu_cad.glb,VMU03|Aluminium profiles / Profile type 09,MOCKUP_VMU::VMU03::Aluminium profiles / Profile type 09,VMU03,,,AL_RAL7038,high / medium,21895,26535,26535,0,0,-15530.892372131348,4509.294509887695,9022.330284118652,20429.418563842773,4150.49934387207,4170.499324798584
58c5e484-2b2f-5e7e-8fd7-f2a76c42e722,vmu_cad.glb/node/52/primitive/0,vmu_cad.glb,VMU03|Setting blocks,MOCKUP_VMU::VMU03::Setting blocks,VMU03,,,STEEL_HDG,high,690,368,368,0,690,-16469.33937072754,4048.110008239746,8878.134727478027,20121.98829650879,7.048583823543713e-12,16.00000075995922
e64380f4-b54b-5a95-94c6-f3a3df64895e,vmu_cad.glb/node/53/primitive/0,vmu_cad.glb,VMU03|Brackets,MOCKUP_VMU::VMU03::Brackets,VMU03,,,AL_MILL,medium,59069,67678,67626,52,0,-15918.076515197754,3530.437707901001,8917.877197265625,20309.5703125,3891.991138458252,5904.5000076293945
f8c41cce-e04e-533a-b68d-add84cc8a5f1,vmu_cad.glb/node/54/primitive/0,vmu_cad.glb,VMU03|Steel frame / SHS 120x60x5mm,MOCKUP_VMU::VMU03::Steel frame / SHS 120x60x5mm,VMU03,,,STEEL_HDG,high,344556,393854,393484,370,344556,-15977.987289428711,4362.150192260742,8818.159103393555,20456.785202026367,2000.0,5995.418071746826
6eb0abac-8eeb-5cd7-ab66-cbf0c3a39e41,vmu_cad.glb/node/55/primitive/0,vmu_cad.glb,VMU03|Steel frame / SHS 180x180x5mm,MOCKUP_VMU::VMU03::Steel frame / SHS 180x180x5mm,VMU03,,,STEEL_HDG,high,36209,48914,48914,0,36209,-16315.39535522461,3953.2437324523926,9022.340774536133,19977.794647216797,16.00000075995922,5882.355690002441
c5816a88-1356-522e-8a34-76243311c8dc,vmu_cad.glb/node/56/primitive/0,vmu_cad.glb,VMU03|Aluminium panels / Cleats / Cleats,MOCKUP_VMU::VMU03::Aluminium panels / Cleats / Cleats,VMU03,,,AL_MILL,medium,11583,12864,12864,0,0,-15557.567596435547,4528.738975524902,9015.556335449219,20398.942947387695,2250.0059604644775,5970.016956329346
4973f19a-f5fe-5ef5-b942-3914305c3c4f,vmu_cad.glb/node/57/primitive/0,vmu_cad.glb,VMU03|Aluminium panels / Alu panel type 01,MOCKUP_VMU::VMU03::Aluminium panels / Alu panel type 01,VMU03,,,AL_RAL7038,high / medium,56956,73970,73970,0,0,-15573.728561401367,4498.7382888793945,9025.978088378906,20419.572830200195,1999.9977350234985,4669.990539550781
0e01aa34-39e9-57c1-a503-14343c84ee46,vmu_cad.glb/node/58/primitive/0,vmu_cad.glb,VMU03|Aluminium panels / Alu panel type 02,MOCKUP_VMU::VMU03::Aluminium panels / Alu panel type 02,VMU03,,,AL_RAL7038,high / medium,17102,20438,20438,0,0,-16021.818161010742,4509.793758392334,8796.634674072266,20513.9102935791,5772.619247436523,5999.919414520264
1f57464d-0a3d-58ba-84a6-d6f490cee186,vmu_cad.glb/node/59/primitive/0,vmu_cad.glb,VMU03|Aluminium panels / Alu panel type 03,MOCKUP_VMU::VMU03::Aluminium panels / Alu panel type 03,VMU03,,,AL_RAL7038,high / medium,10518,12816,12758,58,0,-15546.632766723633,4509.793758392334,9020.3857421875,20429.887771606445,5275.033473968506,5950.003623962402
bf4132b8-4861-52f7-ae5d-c3be1e4233d9,vmu_cad.glb/node/60/primitive/0,vmu_cad.glb,VMU03|Aluminium panels / Alu panel type 04,MOCKUP_VMU::VMU03::Aluminium panels / Alu panel type 04,VMU03,,,AL_RAL7038,high / medium,14716,18265,18183,82,0,-15548.717498779297,4509.737014770508,9020.3857421875,20429.887771606445,4150.003433227539,5275.033473968506
8f9ead59-6a50-5ad0-b0be-4d5e91a05295,vmu_cad.glb/node/61/primitive/0,vmu_cad.glb,VMU03|Aluminium panels / Alu panel type 05,MOCKUP_VMU::VMU03::Aluminium panels / Alu panel type 05,VMU03,,,AL_RAL7038,high / medium,18037,21514,21514,0,0,-10051.837921142578,4558.732509613037,9005.134582519531,18450.355529785156,2235.158920288086,3899.991273880005
b4d18841-7a6a-5ff0-8423-633303b353dd,vmu_cad.glb/node/0/primitive/0,vmu_cad.glb,TRELLIS|Grille ring brackets (hidden),MOCKUP_VMU::TRELLIS::Grille ring brackets (hidden),TRELLIS,,,AL_MILL,high / medium,864,432,432,0,0,13918.010711669922,18271.718978881836,5813.817501068115,8606.43482208252,2111.500024795532,2231.4999103546143
c809ad99-b59e-5da4-adc7-2357fbbc9ac5,vmu_cad.glb/node/1/primitive/0,vmu_cad.glb,TRELLIS|Square grille bars,MOCKUP_VMU::TRELLIS::Square grille bars,TRELLIS,,,AL_T02,medium-high / open / low,576,288,288,0,0,12282.998085021973,19121.48094177246,2048.619508743286,10285.67123413086,2095.0000286102295,2244.999885559082
b1a30f0f-3c72-5766-bb55-2fa20fc7be07,vmu_cad.glb/node/2/primitive/0,vmu_cad.glb,TRELLIS|Grille bars 153x50 (redo),MOCKUP_VMU::TRELLIS::Grille bars 153x50 (redo),TRELLIS,,,AL_T02,high / medium,6768,3384,3384,0,0,13536.934852600098,18701.55143737793,5425.239086151123,9159.423828125,2095.0000286102295,2247.999906539917
05554ad7-ae57-5b41-8ece-532062146691,vmu_cad.glb/node/3/primitive/0,vmu_cad.glb,TRELLIS|Grille bar end caps,MOCKUP_VMU::TRELLIS::Grille bar end caps,TRELLIS,,,AL_T02,high,576,288,288,0,0,13534.122467041016,18704.364776611328,5424.196243286133,9160.466194152832,2096.4999198913574,2246.500015258789
7de3ecc3-818e-5185-9bc8-2e5015aa76c9,vmu_cad.glb/node/4/primitive/0,vmu_cad.glb,TRELLIS|Grille rings bent R975 (redo),MOCKUP_VMU::TRELLIS::Grille rings bent R975 (redo),TRELLIS,,,AL_T02,open,4640,2320,2320,0,0,14046.295166015625,18140.34080505371,5833.88090133667,8610.028266906738,2095.0000286102295,2247.999906539917
ed1084dd-a7bd-57a8-9e4e-f414ab09adb5,vmu_cad.glb/node/5/primitive/0,vmu_cad.glb,TRELLIS|Louvre panels,MOCKUP_VMU::TRELLIS::Louvre panels,TRELLIS,,,AL_T02,high / low,32,16,16,0,0,12486.141204833984,18918.336868286133,2171.159267425537,10163.13362121582,264.99998569488525,1894.9999809265137
b514e5b3-5d15-50fb-8ba6-ea32716e1e47,vmu_cad.glb/node/6/primitive/0,vmu_cad.glb,TRELLIS|Steel frame / 100X100X5 SHS,MOCKUP_VMU::TRELLIS::Steel frame / 100X100X5 SHS,TRELLIS,,,STEEL_HDG,medium,96,48,48,0,96,12516.948699951172,18873.350143432617,2200.1450061798096,10096.742630004883,159.9999964237213,2000.0
77d4a5df-6fe2-5b68-81e5-83de3272c268,vmu_cad.glb/node/7/primitive/0,vmu_cad.glb,TRELLIS|Steel frame / 140X140X5 SHS,MOCKUP_VMU::TRELLIS::Steel frame / 140X140X5 SHS,TRELLIS,,,STEEL_HDG,medium,288,192,192,0,288,12385.814666748047,19018.66340637207,2151.4365673065186,10182.854652404785,19.999999552965164,2000.0
94cde020-4fe8-551c-8fdf-34e1629d8a7b,vmu_cad.glb/node/8/primitive/0,vmu_cad.glb,TRELLIS|Steel frame / 80X50X4 SHS,MOCKUP_VMU::TRELLIS::Steel frame / 80X50X4 SHS,TRELLIS,,,STEEL_HDG,medium,288,192,192,0,288,13487.567901611328,17916.91017150879,2559.807062149048,9774.483680725098,259.99999046325684,1899.999976158142
3e5ebd6f-d7b8-51f1-8e8e-2ad21c8bdfeb,vmu_cad.glb/node/9/primitive/0,vmu_cad.glb,TRELLIS|Steel frame / L75X50X5 angle,MOCKUP_VMU::TRELLIS::Steel frame / L75X50X5 angle,TRELLIS,,,STEEL_HDG,medium,504,280,280,0,504,12456.6650390625,18947.534561157227,2189.9330615997314,10144.460678100586,2000.0,2075.000047683716
c335af99-d647-5350-bc84-8c9a77600573,vmu_cad.glb/node/10/primitive/0,vmu_cad.glb,TRELLIS|Steel frame / L75X5 angle,MOCKUP_VMU::TRELLIS::Steel frame / L75X5 angle,TRELLIS,,,STEEL_HDG,medium,144,80,80,0,144,12355.059623718262,19049.13902282715,2079.4737339019775,10254.91714477539,2019.9999809265137,2095.0000286102295
7e5f6994-fa5a-5f58-9cc5-22f0f5fa16db,vmu_cad.glb/node/11/primitive/0,vmu_cad.glb,TRELLIS|Grille support angles L75x75x5,MOCKUP_VMU::TRELLIS::Grille support angles L75x75x5,TRELLIS,,,STEEL_HDG,low / high,72,40,40,0,72,13580.163955688477,18658.13636779785,5384.712219238281,9200.019836425781,2019.9999809265137,2095.0000286102295
7e50bb22-9c56-57c5-a0a3-0ea3b7da05c3,vmu_cad.glb/node/12/primitive/0,vmu_cad.glb,TRELLIS|Ring splice plates (hidden),MOCKUP_VMU::TRELLIS::Ring splice plates (hidden),TRELLIS,,,STEEL_HDG,high / medium,416,208,208,0,416,14079.225540161133,18107.410430908203,6374.607563018799,8069.301605224609,2101.0000705718994,2242.000102996826
6415137e-f2ed-5aa4-878c-fbf9ee181c52,vmu_cad.glb/node/13/primitive/0,vmu_cad.glb,TRELLIS|Steel frame / Base plates,MOCKUP_VMU::TRELLIS::Steel frame / Base plates,TRELLIS,,,STEEL_HDG,medium,96,48,48,0,96,12218.737602233887,19185.741424560547,1984.3590259552002,10349.931716918945,0.0,19.999999552965164
f090e88f-b7db-5684-bcac-11f9de0d07be,vmu01_canopy.glb/node/0/primitive/0,vmu01_canopy.glb,VMU01_CANOPY|existing|Top 25 mm honeycomb panels (1000 strips),MOCKUP_VMU::VMU01::Canopy (existing + extension)::Existing::Top 25 mm honeycomb panels (1000 strips),VMU01_CANOPY,existing,top,AL_MOUSEGREY,high,798,266,266,0,798,-2381.474733352661,5815.767288208008,-10948.800086975098,-2796.3333129882812,3152.414083480835,3345.8101749420166
f131a4d7-ed23-58c6-ac42-20e5664ba74c,vmu01_canopy.glb/node/1/primitive/0,vmu01_canopy.glb,VMU01_CANOPY|extension|Top 25 mm honeycomb panels (1000 strips),MOCKUP_VMU::VMU01::Canopy (existing + extension)::Extension (new)::Top 25 mm honeycomb panels (1000 strips),VMU01_CANOPY,extension,top,AL_MOUSEGREY,high,1821,607,607,0,1821,-4392.232418060303,10437.628746032715,-17559.534072875977,-4934.478759765625,3063.525915145874,3345.8101749420166
9f561d5e-bb59-5055-be31-ed96154727b5,vmu01_canopy.glb/node/2/primitive/0,vmu01_canopy.glb,VMU01_CANOPY|existing|Top edge band 150 (3 mm alu) incl. oculus ring,MOCKUP_VMU::VMU01::Canopy (existing + extension)::Existing::Top edge band 150 (3 mm alu) incl. oculus ring,VMU01_CANOPY,existing,band,AL_T02,high / medium,993,331,331,0,993,-2666.6312217712402,5871.4799880981445,-11004.512786865234,-2595.557928085327,3152.414083480835,3349.9999046325684
a4b8b9fc-d0fd-58e5-922a-2489f47fc1b0,vmu01_canopy.glb/node/3/primitive/0,vmu01_canopy.glb,VMU01_CANOPY|extension|Top edge band 150 (3 mm alu) incl. oculus ring,MOCKUP_VMU::VMU01::Canopy (existing + extension)::Extension (new)::Top edge band 150 (3 mm alu) incl. oculus ring,VMU01_CANOPY,extension,band,AL_T02,high / medium,2952,984,984,0,2952,-4552.249908447266,10597.663879394531,-17719.568252563477,-4784.492015838623,3059.3361854553223,3349.9999046325684
8e54f622-bfde-53fe-907a-18da6547486d,vmu01_canopy.glb/node/4/primitive/0,vmu01_canopy.glb,VMU01_CANOPY|existing|Top joints 20 mm,MOCKUP_VMU::VMU01::Canopy (existing + extension)::Existing::Top joints 20 mm,VMU01_CANOPY,existing,joint,SEALANT_BLACK,high / medium,1662,554,554,0,1662,-2676.9566535949707,5822.731494903564,-10955.763816833496,-2590.6336307525635,3150.414228439331,3348.0000495910645
237b17db-ef70-5d1d-93c4-9996f575e734,vmu01_canopy.glb/node/5/primitive/0,vmu01_canopy.glb,VMU01_CANOPY|extension|Top joints 20 mm,MOCKUP_VMU::VMU01::Canopy (existing + extension)::Extension (new)::Top joints 20 mm,VMU01_CANOPY,extension,joint,SEALANT_BLACK,high / medium,3780,1260,1260,0,3780,-4412.234783172607,10457.633972167969,-17579.538345336914,-4915.7304763793945,3061.002254486084,3348.0000495910645
2dcb6769-bd9a-5f82-bffa-f17ebd5bec55,vmu01_canopy.glb/node/6/primitive/0,vmu01_canopy.glb,VMU01_CANOPY|existing|Fascia 100 vertical,MOCKUP_VMU::VMU01::Canopy (existing + extension)::Existing::Fascia 100 vertical,VMU01_CANOPY,existing,fascia,AL_T02,high,2844,948,948,0,2844,-2676.9566535949707,5875.059604644775,-11008.7308883667,-2590.6336307525635,3052.2964000701904,3349.9999046325684
e0cea942-4782-5f10-b8a8-4ff8ff9627b6,vmu01_canopy.glb/node/7/primitive/0,vmu01_canopy.glb,VMU01_CANOPY|extension|Fascia 100 vertical,MOCKUP_VMU::VMU01::Canopy (existing + extension)::Extension (new)::Fascia 100 vertical,VMU01_CANOPY,extension,fascia,AL_T02,high,7020,2340,2340,0,7020,-4552.249908447266,10597.663879394531,-17719.568252563477,-4785.821437835693,2776.9036293029785,3349.9999046325684
7ffd7033-7bf2-5f76-8aec-213f6c7d0f61,vmu01_canopy.glb/node/8/primitive/0,vmu01_canopy.glb,VMU01_CANOPY|existing|Chamfer 420 x 206 to soffit,MOCKUP_VMU::VMU01::Canopy (existing + extension)::Existing::Chamfer 420 x 206 to soffit,VMU01_CANOPY,existing,fascia,AL_T02,high / medium,2991,997,997,0,2991,-2676.9566535949707,5875.059604644775,-11008.7308883667,-2590.6336307525635,2843.4033393859863,3250.0
536213b3-1a98-5ae0-b8d4-dd8f1107e6de,vmu01_canopy.glb/node/9/primitive/0,vmu01_canopy.glb,VMU01_CANOPY|extension|Chamfer 420 x 206 to soffit,MOCKUP_VMU::VMU01::Canopy (existing + extension)::Extension (new)::Chamfer 420 x 206 to soffit,VMU01_CANOPY,extension,fascia,AL_T02,high / medium,5790,1930,1930,0,5790,-4552.249908447266,10597.663879394531,-17719.568252563477,-4785.821437835693,2764.3344402313232,3250.0
b9b36659-3d1c-5bd4-ae87-ccd69080392c,vmu01_canopy.glb/node/10/primitive/0,vmu01_canopy.glb,VMU01_CANOPY|existing|Soffit 3 mm alu panels,MOCKUP_VMU::VMU01::Canopy (existing + extension)::Existing::Soffit 3 mm alu panels,VMU01_CANOPY,existing,soffit,AL_T02,high,1947,649,649,0,1947,-1956.160306930542,5725.234508514404,-10858.266830444336,-3130.5952072143555,2846.414089202881,3033.0018997192383
b96c8f7c-3e22-57a0-9369-0ac9950740fe,vmu01_canopy.glb/node/11/primitive/0,vmu01_canopy.glb,VMU01_CANOPY|extension|Soffit 3 mm alu panels,MOCKUP_VMU::VMU01::Canopy (existing + extension)::Extension (new)::Soffit 3 mm alu panels,VMU01_CANOPY,extension,soffit,AL_T02,high,4164,1388,1388,0,4164,-4132.204532623291,10177.573204040527,-17299.47853088379,-5178.207874298096,2764.3344402313232,3033.0018997192383
e5b5cc1d-ce80-5a12-9195-c8aabc054d1f,vmu01_canopy.glb/node/12/primitive/0,vmu01_canopy.glb,VMU01_CANOPY|existing|Soffit joints 20 mm,MOCKUP_VMU::VMU01::Canopy (existing + extension)::Existing::Soffit joints 20 mm,VMU01_CANOPY,existing,joint,SEALANT_BLACK,high / medium,1530,510,510,0,1530,-1856.1103343963623,5702.601432800293,-10835.633277893066,-3214.160680770874,2848.414182662964,3033.2999229431152
e7420074-e722-5baf-aa1a-171cd5df7ed6,vmu01_canopy.glb/node/13/primitive/0,vmu01_canopy.glb,VMU01_CANOPY|extension|Soffit joints 20 mm,MOCKUP_VMU::VMU01::Canopy (existing + extension)::Extension (new)::Soffit joints 20 mm,VMU01_CANOPY,extension,joint,SEALANT_BLACK,high / medium,2826,942,942,0,2826,-4067.197799682617,10112.55931854248,-17234.46273803711,-5239.140033721924,2768.036365509033,3033.2999229431152
a43643d9-b637-5076-8f67-d1fe66838f0b,vmu01_canopy.glb/node/14/primitive/0,vmu01_canopy.glb,VMU01_CANOPY|existing|GMS 150x100x6 primaries (concealed),MOCKUP_VMU::VMU01::Canopy (existing + extension)::Existing::GMS 150x100x6 primaries (concealed),VMU01_CANOPY,existing,frame,STEEL_HDG,medium / low,5730,1910,1910,0,5730,-1917.2472953796387,5716.529369354248,-10849.56169128418,-3162.7357006073,2876.4140605926514,3212.3472690582275
4e96cd09-b88f-545d-9159-adfaf48a50c9,vmu01_canopy.glb/node/15/primitive/0,vmu01_canopy.glb,VMU01_CANOPY|extension|GMS 150x100x6 primaries (concealed),MOCKUP_VMU::VMU01::Canopy (existing + extension)::Extension (new)::GMS 150x100x6 primaries (concealed),VMU01_CANOPY,extension,frame,STEEL_HDG,medium / low,14634,4878,4878,0,14634,-4107.202053070068,10152.567863464355,-17274.473190307617,-5201.643466949463,2794.9891090393066,3212.3472690582275
67f3ee7b-c986-5a12-aa6a-093454bf7f7e,vmu01_canopy.glb/node/16/primitive/0,vmu01_canopy.glb,VMU01_CANOPY|existing|Columns CHS150x5,MOCKUP_VMU::VMU01::Canopy (existing + extension)::Existing::Columns CHS150x5,VMU01_CANOPY,existing,column,AL_T02,high / medium,1296,432,432,0,1296,-1305.239200592041,331.85485005378723,-9853.052139282227,-3152.0602703094482,12.000000104308128,3211.0378742218018
45c3564f-8d4c-52de-b3e2-4c0b762503ea,vmu01_canopy.glb/node/17/primitive/0,vmu01_canopy.glb,VMU01_CANOPY|extension|Columns CHS150x5,MOCKUP_VMU::VMU01::Canopy (existing + extension)::Extension (new)::Columns CHS150x5,VMU01_CANOPY,extension,column,AL_T02,high / medium,3456,1152,1152,0,3456,-4042.414665222168,9699.677467346191,-16977.041244506836,-5209.953784942627,12.000000104308128,3211.0378742218018
dabec81e-6890-50a7-8a13-0e69153d9e73,vmu01_canopy.glb/node/18/primitive/0,vmu01_canopy.glb,VMU01_CANOPY|existing|Base plates 400x400 + 8 stiffeners + 8 bolts,MOCKUP_VMU::VMU01::Canopy (existing + extension)::Existing::Base plates 400x400 + 8 stiffeners + 8 bolts,VMU01_CANOPY,existing,baseplate,AL_T02,medium,5868,1956,1956,0,5868,-1487.4151945114136,514.0308141708374,-10035.22777557373,-2969.8843955993652,0.0,162.00000047683716
cea64002-c042-5ffb-895e-8181b4712da5,vmu01_canopy.glb/node/19/primitive/0,vmu01_canopy.glb,VMU01_CANOPY|extension|Base plates 400x400 + 8 stiffeners + 8 bolts,MOCKUP_VMU::VMU01::Canopy (existing + extension)::Extension (new)::Base plates 400x400 + 8 stiffeners + 8 bolts,VMU01_CANOPY,extension,baseplate,AL_T02,medium,15648,5216,5216,0,15648,-4224.590301513672,9881.853103637695,-17159.215927124023,-5027.777671813965,0.0,162.00000047683716
0bcd8717-bf42-56ab-85bd-0c8f89580537,vmu02.glb/node/0/primitive/0,vmu02.glb,VMU02|Base platform skirting,MOCKUP_VMU::VMU02::Base platform skirting,VMU02,,,AL_T02,high / medium,192,96,96,0,192,20023.73695373535,33844.425201416016,-2588.3431434631348,7423.9821434021,0.0,351.00001096725464
26b85070-0764-5686-8bce-5303dc62290b,vmu02.glb/node/1/primitive/0,vmu02.glb,VMU02|Plywood floor,MOCKUP_VMU::VMU02::Plywood floor,VMU02,,,PLYWOOD,medium,24,12,12,0,24,20153.337478637695,33725.90637207031,-2457.855463027954,7323.51541519165,326.00000500679016,349.9999940395355
e99fad82-9267-5e21-aa09-49b2ca1f491f,vmu02.glb/node/2/primitive/0,vmu02.glb,VMU02|IGU glass|A_T1_bay1_lower,MOCKUP_VMU::VMU02::IGU glass,VMU02,,,GL03_VISION_B,high,4,2,2,0,4,32427.509307861328,33430.389404296875,3175.9603023529053,3546.086072921753,351.00001096725464,3743.99995803833
1045ad1a-23ce-56e9-9526-b42e636743e8,vmu02.glb/node/3/primitive/0,vmu02.glb,VMU02|IGU glass|A_T1_bay3_lower,MOCKUP_VMU::VMU02::IGU glass,VMU02,,,GL03_VISION_B,high,4,2,2,0,4,29706.880569458008,30709.760665893555,4180.0432205200195,4550.168991088867,351.00001096725464,3743.99995803833
55a4dc25-746f-5d45-b39f-6cd7dc36ce09,vmu02.glb/node/4/primitive/0,vmu02.glb,VMU02|IGU glass|A_T1_bay1_upper,MOCKUP_VMU::VMU02::IGU glass,VMU02,,,GL03_VISION_B,high,4,2,2,0,4,32427.509307861328,33430.389404296875,3175.9603023529053,3546.086072921753,4056.000232696533,4794.000148773193
014c853f-b4e2-549a-9a3e-387b9155f6d7,vmu02.glb/node/5/primitive/0,vmu02.glb,VMU02|IGU glass|A_T1_bay2_upper,MOCKUP_VMU::VMU02::IGU glass,VMU02,,,GL03_VISION_B,high,4,2,2,0,4,30738.84391784668,32398.426055908203,3556.819200515747,4169.310092926025,4056.000232696533,4794.000148773193
f3d215eb-7d4a-571c-a5c2-13cbc85e8585,vmu02.glb/node/6/primitive/0,vmu02.glb,VMU02|IGU glass|A_T1_bay3_upper,MOCKUP_VMU::VMU02::IGU glass,VMU02,,,GL03_VISION_B,high,4,2,2,0,4,29706.880569458008,30709.760665893555,4180.0432205200195,4550.168991088867,4056.000232696533,4794.000148773193
9fcfc734-29c1-5aac-8310-90be16941f0f,vmu02.glb/node/7/primitive/0,vmu02.glb,VMU02|IGU glass|A_T9_bay4_fixed,MOCKUP_VMU::VMU02::IGU glass,VMU02,,,GL03_VISION_B,high,4,2,2,0,4,27455.326080322266,29677.797317504883,4560.902118682861,5381.134033203125,351.00001096725464,4129.000186920166
92d7c1ab-b498-563a-8d85-0625ee28ab5f,vmu02.glb/node/8/primitive/0,vmu02.glb,VMU02|IGU glass|A_T9_bay6_fixed,MOCKUP_VMU::VMU02::IGU glass,VMU02,,,GL03_VISION_B,high,4,2,2,0,4,22487.834930419922,24710.30616760254,6394.219398498535,7214.451313018799,351.00001096725464,4129.000186920166
9180baaf-ef4a-5594-8753-f8e75c35948e,vmu02.glb/node/9/primitive/0,vmu02.glb,VMU02|IGU glass|B_bay2_fixed,MOCKUP_VMU::VMU02::IGU glass,VMU02,,,GL03_VISION_B,high,4,2,2,0,4,27282.03010559082,29504.501342773438,-1686.5140199661255,-866.2821054458618,351.00001096725464,4129.000186920166
84c178eb-fa79-5047-ac22-986d49f50f47,vmu02.glb/node/10/primitive/0,vmu02.glb,VMU02|IGU glass|B_bay4_fixed,MOCKUP_VMU::VMU02::IGU glass,VMU02,,,GL03_VISION_B,high,4,2,2,0,4,22314.538955688477,24537.010192871094,146.80299162864685,967.0348763465881,351.00001096725464,4129.000186920166
913109ed-f945-5011-82ed-cd510f8c5939,vmu02.glb/node/11/primitive/0,vmu02.glb,VMU02|Door leaf|door1_leaf_L,MOCKUP_VMU::VMU02::Door leaf,VMU02,,,GL_DOOR,high / medium,4,2,2,0,4,31496.618270874023,32362.529754638672,3348.3545780181885,3667.9298877716064,360.00001430511475,3835.0000381469727
f4064a30-81de-5a04-8f3b-49707ec87e8c,vmu02.glb/node/12/primitive/0,vmu02.glb,VMU02|Door leaf|door1_leaf_R,MOCKUP_VMU::VMU02::Door leaf,VMU02,,,GL_DOOR,high / medium,4,2,2,0,4,30630.706787109375,31496.618270874023,3667.9298877716064,3987.5051975250244,360.00001430511475,3835.0000381469727
eb93bebf-72fa-57e8-b38f-89527c93582d,vmu02.glb/node/13/primitive/0,vmu02.glb,VMU02|Door leaf|door2_leaf_L,MOCKUP_VMU::VMU02::Door leaf,VMU02,,,GL_DOOR,high / medium,4,2,2,0,4,26010.799407958984,27390.81382751465,5183.229446411133,5692.54207611084,360.00001430511475,4210.000038146973
e8fad859-89bf-5890-9097-bb187409a806,vmu02.glb/node/14/primitive/0,vmu02.glb,VMU02|Door leaf|door2_leaf_R,MOCKUP_VMU::VMU02::Door leaf,VMU02,,,GL_DOOR,high / medium,4,2,2,0,4,24630.78498840332,26010.799407958984,5692.54207611084,6201.854228973389,360.00001430511475,4210.000038146973
8e485f34-197f-5646-a93b-1103b05f0817,vmu02.glb/node/15/primitive/0,vmu02.glb,VMU02|Door leaf|door3_leaf_L,MOCKUP_VMU::VMU02::Door leaf,VMU02,,,GL_DOOR,high / medium,4,2,2,0,4,25981.536865234375,27361.553192138672,-673.917293548584,-164.60484266281128,360.00001430511475,4210.000038146973
4ed87b79-e1ae-5b93-85f4-c25437e8ed80,vmu02.glb/node/16/primitive/0,vmu02.glb,VMU02|Door leaf|door3_leaf_R,MOCKUP_VMU::VMU02::Door leaf,VMU02,,,GL_DOOR,high / medium,4,2,2,0,4,24601.52244567871,25981.536865234375,-164.60484266281128,344.70757842063904,360.00001430511475,4210.000038146973
5b24992e-06aa-5b31-b97d-f4ff1ad4465c,vmu02.glb/node/17/primitive/0,vmu02.glb,VMU02|SSG joints,MOCKUP_VMU::VMU02::SSG joints,VMU02,,,SEALANT_BLACK,high / medium,600,300,300,0,600,22294.00062561035,33450.927734375,-1701.26211643219,7229.199409484863,349.9999940395355,4806.000232696533
76d9561f-8853-591e-bf7d-32f13ced9a4d,vmu02.glb/node/18/primitive/0,vmu02.glb,VMU02|Aluminium bands T02,MOCKUP_VMU::VMU02::Aluminium bands T02,VMU02,,,AL_T02,high / medium,240,120,120,0,240,20111.248016357422,33756.91604614258,-2500.5359649658203,7336.174964904785,351.00001096725464,5250.0
c69b5355-f6aa-52c3-8975-4c40f436264a,vmu02.glb/node/19/primitive/0,vmu02.glb,VMU02|Door jamb and head covers T02,MOCKUP_VMU::VMU02::Door jamb and head covers T02,VMU02,,,AL_T02,medium,336,168,168,0,336,24558.069229125977,32406.452178955078,-859.7258925437927,6387.662887573242,351.00001096725464,4140.999794006348
61aa5d7c-ff11-59ba-8b91-179e7f2517e4,vmu02.glb/node/20/primitive/0,vmu02.glb,VMU02|Interior mullions T01,MOCKUP_VMU::VMU02::Interior mullions T01,VMU02,,,AL_T01,high,624,312,312,0,624,22265.962600708008,33485.198974609375,-1657.8457355499268,7202.669620513916,349.9999940395355,4800.000190734863
bca7cb04-0bce-50fa-a5a4-bfe36a40ee8e,vmu02.glb/node/21/primitive/0,vmu02.glb,VMU02|Interior transoms T01,MOCKUP_VMU::VMU02::Interior transoms T01,VMU02,,,AL_T01,medium,216,108,108,0,216,22311.595916748047,33433.33053588867,-1660.4527235031128,7188.389778137207,349.9999940395355,4800.000190734863
279cb360-f9b2-5b9a-8172-0edd47ba270c,vmu02.glb/node/22/primitive/0,vmu02.glb,VMU02|Door operators,MOCKUP_VMU::VMU02::Door operators,VMU02,,,AL_T01,low,72,36,36,0,72,24460.01625061035,32475.955963134766,-813.0940198898315,6314.645767211914,3829.9999237060547,4360.000133514404
9cfc12dc-372d-5147-bc89-e2814ad85894,vmu02.glb/node/23/primitive/0,vmu02.glb,VMU02|GMS ribbed walls,MOCKUP_VMU::VMU02::GMS ribbed walls,VMU02,,,GMS_RIBBED,high / medium,4928,2464,2464,0,4928,20151.063919067383,33673.02322387695,-2460.7200622558594,7235.116958618164,351.00001096725464,4215.000152587891
228d73fe-9ec9-51b3-aef6-08dc33a3127e,vmu02.glb/node/24/primitive/0,vmu02.glb,VMU02|GMS ribbed roof,MOCKUP_VMU::VMU02::GMS ribbed roof,VMU02,,,GMS_RIBBED,high / medium,3736,1868,1868,0,3736,20109.172821044922,33652.347564697266,-2702.6774883270264,7249.367237091064,4990.499973297119,5200.389862060547
c7a48903-9d5c-5eed-9c24-c5e55570af54,vmu02.glb/node/25/primitive/0,vmu02.glb,VMU02|Steel columns SHS200,MOCKUP_VMU::VMU02::Steel columns SHS200,VMU02,,,STEEL_HDG,high,120,60,60,0,120,20187.66975402832,33680.49240112305,-2424.1151809692383,7259.754180908203,0.0,4966.88985824585
904f4612-b3b6-5bca-9959-e89b3d5f5212,vmu02.glb/node/26/primitive/0,vmu02.glb,VMU02|Roof framing,MOCKUP_VMU::VMU02::Roof framing,VMU02,,,STEEL_HDG,medium,360,180,180,0,360,20187.66975402832,33680.49240112305,-2424.1151809692383,7259.754180908203,4798.739910125732,5166.8901443481445
85eaa127-0703-5dfd-bee9-d480cc91fd39,vmu02.glb/node/27/primitive/0,vmu02.glb,VMU02|Access steps (indicative),MOCKUP_VMU::VMU02::Access steps (indicative),VMU02,,,STEEL_HDG,low,144,72,72,0,144,24272.666931152344,32691.852569580078,-1506.7861080169678,7034.723281860352,0.0,233.33333432674408
7e067ce0-0e92-5320-b23d-b540c9f6007e,vmu04.glb/node/0/primitive/0,vmu04.glb,VMU04|Columns SHS200x200x10,MOCKUP_VMU::VMU04::Columns SHS200x200x10,VMU04,,,STEEL_HDG,high,352,288,288,0,352,16102.745056152344,20396.22688293457,-24900.789260864258,-20607.30743408203,19.999999552965164,10090.00015258789
61ddf0cc-52f2-5d5e-bc84-472f1d301a3f,vmu04.glb/node/1/primitive/0,vmu04.glb,VMU04|Base plates 400x400x20 + anchor bolts,MOCKUP_VMU::VMU04::Base plates 400x400x20 + anchor bolts,VMU04,,,STEEL_HDG,high / medium,3296,2224,2224,0,3296,15968.236923217773,20530.736923217773,-25035.297393798828,-20472.797393798828,0.0,59.99999865889549
21237b97-104c-5111-80c8-163a4cd049cf,vmu04.glb/node/2/primitive/0,vmu04.glb,VMU04|Perimeter beams SHS200x200x10,MOCKUP_VMU::VMU04::Perimeter beams SHS200x200x10,VMU04,,,STEEL_HDG,high,768,720,720,0,768,16166.267395019531,20332.704544067383,-24837.26692199707,-20670.82977294922,740.4999732971191,10040.499687194824
e565ca54-e1f6-5dc7-a1b8-8cba3f119758,vmu04.glb/node/3/primitive/0,vmu04.glb,VMU04|Interior beams SHS200x200x10 (position inferred),MOCKUP_VMU::VMU04::Interior beams SHS200x200x10 (position inferred),VMU04,,,STEEL_HDG,low,384,360,360,0,384,17103.92951965332,19395.042419433594,-24371.694564819336,-21136.40022277832,740.4999732971191,10040.499687194824
75f63afa-e896-5672-b1f9-316565576578,vmu04.glb/node/4/primitive/0,vmu04.glb,VMU04|Joists RHS75x50x5,MOCKUP_VMU::VMU04::Joists RHS75x50x5,VMU04,,,STEEL_HDG,medium / high,1152,1080,1080,0,1152,16236.591339111328,20262.380599975586,-24766.94107055664,-20741.153717041016,940.500020980835,10115.500450134277
6e4e7049-2f1b-52fa-a54f-fc94fdcc78f0,vmu04.glb/node/5/primitive/0,vmu04.glb,VMU04|Chequer plate floors L1 L2 roof,MOCKUP_VMU::VMU04::Chequer plate floors L1 L2 roof,VMU04,,,STEEL_HDG,high,576,312,312,0,576,16181.148529052734,20317.82341003418,-24824.729919433594,-20683.366775512695,1015.4999494552612,10119.999885559082
debb7584-f22d-547b-86d7-bb223a29cd37,vmu04.glb/node/6/primitive/0,vmu04.glb,VMU04|Handrails CHS48.3x3,MOCKUP_VMU::VMU04::Handrails CHS48.3x3,VMU04,,,STEEL_HDG,high / open,1584,1212,1212,0,1584,16308.393478393555,19095.79849243164,-24772.239685058594,-20812.95394897461,1019.9999809265137,6594.150066375732
dbbb31fe-44e0-5858-bb7f-af95a0c4d6a7,vmu04.glb/node/7/primitive/0,vmu04.glb,VMU04|Stair flights F1 F2 F3 (position assumed),MOCKUP_VMU::VMU04::Stair flights F1 F2 F3 (position assumed),VMU04,,,STEEL_HDG,,1692,852,852,0,1692,14318.611145019531,16947.5154876709,-23545.576095581055,-21131.683349609375,0.0,5535.5682373046875
5d980949-5ddf-5d01-9293-2252afef922e,vmu04.glb/node/8/primitive/0,vmu04.glb,"VMU04|Stair landing +3295, posts and bracing (position assumed)","MOCKUP_VMU::VMU04::Stair landing +3295, posts and bracing (position assumed)",VMU04,,,STEEL_HDG,,1528,1304,1304,0,1528,13383.389472961426,16838.08135986328,-23629.966735839844,-20672.739028930664,0.0,5585.999965667725
b291175a-22ab-525d-a6f8-288c0747ea7d,vmu04.glb/node/9/primitive/0,vmu04.glb,VMU04|Stair handrails CHS42 CHS27 (position assumed),MOCKUP_VMU::VMU04::Stair handrails CHS42 CHS27 (position assumed),VMU04,,,STEEL_HDG,,1560,1424,1424,0,1560,13500.720977783203,16835.176467895508,-23471.33445739746,-20790.071487426758,264.8400068283081,6431.49995803833
a2276e44-f781-54e4-8df9-f77f63300600,vmu04.glb/node/10/primitive/0,vmu04.glb,VMU04|Precast formliner panels,MOCKUP_VMU::VMU04::Precast formliner panels,VMU04,,,PRECAST_FORMLINER,high / medium / low-medium,25464,14248,14248,0,25464,17490.9610748291,20770.78628540039,-24829.784393310547,-20395.292282104492,1029.9999713897705,10109.999656677246
bceea2c8-b60f-5b8b-9c95-b6e7987d8d5a,vmu04.glb/node/11/primitive/0,vmu04.glb,VMU04|RC fins 350x125,MOCKUP_VMU::VMU04::RC fins 350x125,VMU04,,,PRECAST_FORMLINER,high / low-medium,192,96,96,0,192,18479.01725769043,20694.072723388672,-24015.5029296875,-20409.97314453125,1029.9999713897705,10109.999656677246
d1fe84f1-fd19-5ab6-bce5-d0a68a08f176,vmu04.glb/node/12/primitive/0,vmu04.glb,VMU04|Panel joint sealant,MOCKUP_VMU::VMU04::Panel joint sealant,VMU04,,,SEALANT_BLACK,medium,180,92,92,0,180,17520.503997802734,20753.71742248535,-24819.358825683594,-20422.82485961914,1029.9999713897705,10109.999656677246
86261cd2-7f26-5c2b-b6ff-3b7ec1ad0cc3,vmu04.glb/node/13/primitive/0,vmu04.glb,VMU04|Window frames AL T02 1000x2000,MOCKUP_VMU::VMU04::Window frames AL T02 1000x2000,VMU04,,,AL_T02,high / medium,576,384,384,0,576,18562.68310546875,20283.203125,-23758.0623626709,-20820.842742919922,2025.0000953674316,8574.999809265137
4018992f-f79e-5077-a7ad-a72d09c3576c,vmu04.glb/node/14/primitive/0,vmu04.glb,VMU04|Window glass GL03 939x1939,MOCKUP_VMU::VMU04::Window glass GL03 939x1939,VMU04,,,GL03_VISION_B,high,16,8,8,0,16,18603.44696044922,20239.78614807129,-23717.300415039062,-20864.259719848633,2055.500030517578,8544.500350952148
e3864724-00af-599d-a6e7-f824407b02f4,vmu04.glb/node/15/primitive/0,vmu04.glb,VMU04|Window perimeter sealant,MOCKUP_VMU::VMU04::Window perimeter sealant,VMU04,,,SEALANT_BLACK,medium,192,128,128,0,192,18578.847885131836,20284.940719604492,-23762.752532958984,-20819.103240966797,2019.9999809265137,8579.999923706055
0bbebd81-be0d-596f-b85c-ca9f74af95c7,vmu05.glb/node/0/primitive/0,vmu05.glb,VMU05|RC parapet,MOCKUP_VMU::VMU05::RC parapet,VMU05,,,RC_PLAIN,medium / high / low,1468,1406,1406,0,1468,-20947.175979614258,-17103.670120239258,20038.585662841797,22621.784210205078,0.0,649.9999761581421
87f804cf-b063-5618-bf44-340698c7887e,vmu05.glb/node/1/primitive/0,vmu05.glb,VMU05|Balustrade rails,MOCKUP_VMU::VMU05::Balustrade rails,VMU05,,,SS_BRUSHED,high,5520,5280,5280,0,5520,-20647.016525268555,-17542.50717163086,20442.66700744629,22451.784133911133,730.0000190734863,1100.000023841858
47a83509-f5d0-5d02-bdf2-27eac71aa0f5,vmu05.glb/node/2/primitive/0,vmu05.glb,VMU05|Balustrade posts,MOCKUP_VMU::VMU05::Balustrade posts,VMU05,,,SS_BRUSHED,high,360,180,180,0,360,-20650.49171447754,-17525.49171447754,20425.65155029297,22370.61309814453,607.9999804496765,1100.000023841858
1d3178db-d7ea-5dee-b2b2-fd9654dd809d,vmu05.glb/node/3/primitive/0,vmu05.glb,VMU05|Base plates,MOCKUP_VMU::VMU05::Base plates,VMU05,,,SS_BRUSHED,medium,120,60,60,0,120,-20688.541412353516,-17452.29721069336,20352.458953857422,22408.662796020508,600.0000238418579,607.9999804496765
7e40101d-d1af-5d61-a496-d28af7579fe5,vmu05.glb/node/4/primitive/0,vmu05.glb,VMU05|Anchors,MOCKUP_VMU::VMU05::Anchors,VMU05,,,SS_BRUSHED,medium,2760,1720,1720,0,2760,-20652.301788330078,-17479.684829711914,20379.844665527344,22372.42317199707,607.9999804496765,628.000020980835
d9c1d796-d0a0-534c-a75c-8e3e6cd281e9,site_ground.glb/node/0/primitive/0,site_ground.glb,"SITE_GROUND|Crane rails (rail head, flush)","SITE::Ground::Crane rails (rail head, flush)",SITE_GROUND,,,CTX_RAIL,medium / low-medium,16,8,8,0,16,-58131.68716430664,18905.376434326172,-52419.60144042969,24342.594146728516,3.000000026077032,3.000000026077032
04aefcb8-34b8-5cbb-848c-3a7238cf9d0b,site_ground.glb/node/1/primitive/0,site_ground.glb,SITE_GROUND|Crane rails (flangeway groove),SITE::Ground::Crane rails (flangeway groove),SITE_GROUND,,,CTX_BAY_VOID,low,48,24,24,0,48,-58107.357025146484,18917.54150390625,-52353.965759277344,24375.411987304688,-25.00000037252903,0.0
660c6457-b311-53a3-9956-899e2052924f,site_ground.glb/node/2/primitive/0,site_ground.glb,SITE_GROUND|Crane rails (edge angle),SITE::Ground::Crane rails (edge angle),SITE_GROUND,,,CTX_RAIL,low,16,8,8,0,16,-58095.19577026367,18924.49188232422,-52321.14791870117,24394.1650390625,2.0000000949949026,2.0000000949949026
4bad5edb-25d7-5dc3-aec8-f8235ab74296,site_ground.glb/node/3/primitive/0,site_ground.glb,SITE_GROUND|Crane rails (rail-bed joint),SITE::Ground::Crane rails (rail-bed joint),SITE_GROUND,,,CTX_BAY_VOID,low,20,10,10,0,20,-57935.6689453125,19081.235885620117,-51890.7585144043,24817.05093383789,0.0,0.0
c3709db1-0c8c-5296-b957-4535b71e76db,site_ground.glb/node/4/primitive/0,site_ground.glb,SITE_GROUND|Rail red safety lines,SITE::Ground::Rail red safety lines,SITE_GROUND,,,CTX_RED_LINE,medium,36,18,18,0,36,-51689.60952758789,18907.331466674805,-53079.52880859375,22614.0079498291,3.000000026077032,3.000000026077032
df261b82-edf1-5d73-a7f0-1dcff78df7d2,site_ground.glb/node/5/primitive/0,site_ground.glb,SITE_GROUND|Trench drain covers (precast),SITE::Ground::Trench drain covers (precast),SITE_GROUND,,,CTX_KERB,medium / low,1460,738,738,0,1460,-124288.05541992188,35929.02374267578,-61702.86560058594,53839.16091918945,2.0000000949949026,2.0000000949949026
2ab2c002-17a7-5fbd-ab9e-dac95e9b8e9f,site_ground.glb/node/6/primitive/0,site_ground.glb,SITE_GROUND|Trench drain cover joints,SITE::Ground::Trench drain cover joints,SITE_GROUND,,,CTX_BAY_VOID,low,1408,704,704,0,1408,-123359.77172851562,35649.33395385742,-61664.737701416016,53495.086669921875,0.0,0.0
e2972e39-55a8-595e-8a94-bcacdd147c99,site_ground.glb/node/7/primitive/0,site_ground.glb,SITE_GROUND|Drain sump gratings,SITE::Ground::Drain sump gratings,SITE_GROUND,,,STEEL_HDG,low,16,8,8,0,16,-43085.53695678711,30803.466796875,-61556.07986450195,5707.97872543335,3.000000026077032,3.000000026077032
76549d2c-7770-5e2d-91af-b0b569f46f58,site_ground.glb/node/8/primitive/0,site_ground.glb,SITE_GROUND|IC chamber covers (cast iron),SITE::Ground::IC chamber covers (cast iron),SITE_GROUND,,,CTX_RAIL,medium / low,8,4,4,0,8,-93347.39685058594,-45387.901306152344,-41494.998931884766,-23165.199279785156,3.000000026077032,3.000000026077032
5aa9b182-b995-5ecd-b7cf-12476e63a93b,site_ground.glb/node/9/primitive/0,site_ground.glb,SITE_GROUND|IC chamber frames,SITE::Ground::IC chamber frames,SITE_GROUND,,,CTX_KERB,low,16,16,16,0,16,-93475.91400146484,-45259.3879699707,-41623.52752685547,-23036.67449951172,2.0000000949949026,2.0000000949949026
89398aca-9b8f-5d2f-9197-97a76fc9e02a,site_ground.glb/node/10/primitive/0,site_ground.glb,SITE_GROUND|Fire hydrants (pillar),SITE::Ground::Fire hydrants (pillar),SITE_GROUND,,,CTX_STILLAGE_RED,low,1012,600,600,0,1012,-83931.3735961914,-79871.49810791016,-20833.599090576172,45114.18151855469,39.99999910593033,949.999988079071
a4df685f-6895-509a-8b74-eaf80ac67d9c,site_ground.glb/node/11/primitive/0,site_ground.glb,SITE_GROUND|Fire hydrant outlet caps,SITE::Ground::Fire hydrant outlet caps,SITE_GROUND,,,STEEL_HDG,low,284,168,168,0,284,-83961.37237548828,-79841.49932861328,-20723.600387573242,45004.180908203125,501.253604888916,598.7464189529419
6a22a338-46af-5d84-bef6-a65143d6b352,site_ground.glb/node/12/primitive/0,site_ground.glb,SITE_GROUND|Fire hydrant pads,SITE::Ground::Fire hydrant pads,SITE_GROUND,,,CTX_KERB,low,282,168,168,0,282,-84221.37451171875,-79581.49719238281,-21173.599243164062,45454.18167114258,0.0,39.99999910593033
67df0d44-c452-5927-a55f-2bbb078b090f,site_ground.glb/node/13/primitive/0,site_ground.glb,SITE_GROUND|Yellow line (3 m inside the road boundary),SITE::Ground::Yellow line (3 m inside the road boundary),SITE_GROUND,,,CTX_YELLOW_LINE,low,109,83,83,0,109,4375.216007232666,48888.038635253906,-58170.36437988281,35616.2109375,3.000000026077032,3.000000026077032
62f1a2a2-f20c-5a98-8825-3d9b6fb791bb,site_ground.glb/node/14/primitive/0,site_ground.glb,SITE_GROUND|Weed strip at hoarding foot,SITE::Ground::Weed strip at hoarding foot,SITE_GROUND,,,CTX_GRASS,low,19,13,13,0,19,6257.454872131348,131058.09020996094,-60402.30178833008,190283.05053710938,2.0000000949949026,2.0000000949949026
3ad62400-c21d-5535-9071-df4d1f8af187,site_ground.glb/node/15/primitive/0,site_ground.glb,SITE_GROUND|Damp patches,SITE::Ground::Damp patches,SITE_GROUND,,,CTX_CONCRETE_YARD_DAMP,low,2234,2212,2207,5,2234,-53254.79507446289,35899.330139160156,-47558.101654052734,24154.895782470703,2.0000000949949026,2.0000000949949026
a425a671-bfc3-54d5-a43f-eb36716ae4aa,site_ground.glb/node/16/primitive/0,site_ground.glb,SITE_GROUND|Yard slab,SITE::Ground::Yard slab,SITE_GROUND,,,CTX_CONCRETE_YARD,high / low,133,137,137,0,133,-185446.92993164062,131058.09020996094,-61773.399353027344,271406.31103515625,0.0,0.0
fb53dd95-fa95-590a-85e0-57602abeb7b8,site_ground.glb/node/17/primitive/0,site_ground.glb,SITE_GROUND|Yard slab edge skirts,SITE::Ground::Yard slab edge skirts,SITE_GROUND,,,CTX_CONCRETE_YARD,,28,14,14,0,28,-185446.92993164062,131058.09020996094,-61773.399353027344,271406.31103515625,-649.9999761581421,0.0
629be536-e7ba-5d88-bf2a-d927f3556da2,site_ground.glb/node/18/primitive/0,site_ground.glb,SITE_GROUND|Main road carriageway,SITE::Ground::Main road carriageway,SITE_GROUND,,,CTX_ASPHALT,low,3949,7160,7160,0,3949,-13454.708099365234,147507.38525390625,-129723.5107421875,160620.2850341797,-649.9999761581421,-349.9999940395355
0f7dfe83-d091-5a37-8fda-2250f7bbb83f,site_ground.glb/node/19/primitive/0,site_ground.glb,SITE_GROUND|Main road kerbs,SITE::Ground::Main road kerbs,SITE_GROUND,,,CTX_KERB,low,4504,3000,2997,3,4504,-13734.236717224121,147774.9786376953,-129832.44323730469,191161.34643554688,-649.9999761581421,-500.0
a7a1bbe2-2229-5402-b383-fa276dc76b8f,site_ground.glb/node/20/primitive/0,site_ground.glb,SITE_GROUND|Main road near verge (grass),SITE::Ground::Main road near verge (grass),SITE_GROUND,,,CTX_GRASS,medium / low,1965,3136,3136,0,1965,-17646.17156982422,135722.5341796875,-118722.40447998047,192792.46520996094,-649.9999761581421,-50.00000074505806
e44e2137-6958-526d-86da-fd0bb50252f9,site_ground.glb/node/21/primitive/0,site_ground.glb,SITE_GROUND|Main road verge edge skirts,SITE::Ground::Main road verge edge skirts,SITE_GROUND,,,CTX_GRASS,,356,178,177,1,356,-17646.17156982422,135991.39404296875,-117198.06671142578,192792.46520996094,-649.9999761581421,-50.00000074505806
75074703-aa8f-5bd8-835e-525eed8a165f,site_ground.glb/node/22/primitive/0,site_ground.glb,SITE_GROUND|Main road far verge (grass),SITE::Ground::Main road far verge (grass),SITE_GROUND,,,CTX_GRASS,low,1436,2148,2148,0,1436,14777.641296386719,169183.0596923828,-138546.1883544922,146923.79760742188,-649.9999761581421,-50.00000074505806
2f4d812c-920f-58d5-a6d4-356717f39da9,site_ground.glb/node/23/primitive/0,site_ground.glb,SITE_GROUND|Main road far verge edge skirt,SITE::Ground::Main road far verge edge skirt,SITE_GROUND,,,CTX_GRASS,,1432,716,714,2,1432,37139.896392822266,169183.0596923828,-138546.1883544922,136075.08850097656,-649.9999761581421,-50.00000074505806
ad0ec950-4bd9-5b32-a452-299459ba6e35,site_ground.glb/node/24/primitive/0,site_ground.glb,SITE_GROUND|Main road lane lines + median markings,SITE::Ground::Main road lane lines + median markings,SITE_GROUND,,,CTX_ROAD_MARKING_WHITE,low,8044,7168,7168,0,8044,-9522.442817687988,144347.91564941406,-126649.57427978516,158886.6729736328,-646.0000276565552,-345.99998593330383
71340bde-e635-557a-90d5-ad4a0e892497,site_context.glb/node/0/primitive/0,site_context.glb,Factory 1 (1-storey shed)|RC columns front row - corner (inferred) - base stain band,SITE::Factory 1 (1-storey shed)::RC columns front row - corner (inferred) - base stain band,Factory 1 (1-storey shed),,,CTX_FACTORY_RC_BASE,low,40,20,20,0,40,-54231.06002807617,-32441.387176513672,-31574.792861938477,25027.694702148438,0.0,1500.0
150faab9-3915-5fb8-9d22-04256bf13cfb,site_context.glb/node/1/primitive/0,site_context.glb,Factory 1 (1-storey shed)|RC columns front row - corner (inferred),SITE::Factory 1 (1-storey shed)::RC columns front row - corner (inferred),Factory 1 (1-storey shed),,,CTX_FACTORY_RC,low,40,20,20,0,40,-54231.06002807617,-32441.387176513672,-31574.792861938477,25027.694702148438,1500.0,10199.999809265137
a8afe5a3-72a2-50f7-a0c8-327ec66730c8,site_context.glb/node/2/primitive/0,site_context.glb,Factory 1 (1-storey shed)|RC columns grid O row (interior) - base stain band,SITE::Factory 1 (1-storey shed)::RC columns grid O row (interior) - base stain band,Factory 1 (1-storey shed),,,CTX_FACTORY_RC_BASE,low,100,50,50,0,100,-71265.08331298828,-49475.379943847656,-25260.83755493164,31341.732025146484,0.0,1500.0
b5e02e33-f199-5394-a401-3dd9eb55f3ab,site_context.glb/node/3/primitive/0,site_context.glb,Factory 1 (1-storey shed)|RC columns grid O row (interior),SITE::Factory 1 (1-storey shed)::RC columns grid O row (interior),Factory 1 (1-storey shed),,,CTX_FACTORY_RC,low,100,50,50,0,100,-71265.08331298828,-49475.379943847656,-25260.83755493164,31341.732025146484,1500.0,13699.999809265137
cf3b4b96-cea1-5f10-b7d4-c3613bd24b39,site_context.glb/node/4/primitive/0,site_context.glb,Factory 1 (1-storey shed)|RC columns row 2 - base stain band,SITE::Factory 1 (1-storey shed)::RC columns row 2 - base stain band,Factory 1 (1-storey shed),,,CTX_FACTORY_RC_BASE,high,100,50,50,0,100,-62741.371154785156,-40951.66778564453,-28420.320510864258,28182.247161865234,0.0,1500.0
4133b164-2b82-508f-a74d-a624ef841d41,site_context.glb/node/5/primitive/0,site_context.glb,Factory 1 (1-storey shed)|RC columns row 2,SITE::Factory 1 (1-storey shed)::RC columns row 2,Factory 1 (1-storey shed),,,CTX_FACTORY_RC,high,100,50,50,0,100,-62741.371154785156,-40951.66778564453,-28420.320510864258,28182.247161865234,1500.0,13699.999809265137
b3e7fad0-1688-5951-bab6-335f128807d8,site_context.glb/node/6/primitive/0,site_context.glb,Factory 1 (1-storey shed)|RC columns rear row - base stain band,SITE::Factory 1 (1-storey shed)::RC columns rear row - base stain band,Factory 1 (1-storey shed),,,CTX_FACTORY_RC_BASE,medium,100,50,50,0,100,-78731.3232421875,-56941.619873046875,-22493.324279785156,34109.24530029297,0.0,1500.0
f54df3cf-5dc8-5673-bbcd-c1ac443f9482,site_context.glb/node/7/primitive/0,site_context.glb,Factory 1 (1-storey shed)|RC columns rear row,SITE::Factory 1 (1-storey shed)::RC columns rear row,Factory 1 (1-storey shed),,,CTX_FACTORY_RC,medium,100,50,50,0,100,-78731.3232421875,-56941.619873046875,-22493.324279785156,34109.24530029297,1500.0,13699.999809265137
2ce70a18-bfdd-5810-b7ec-0c60a75d2868,site_context.glb/node/8/primitive/0,site_context.glb,Factory 1 (1-storey shed)|RC columns front row - base stain band,SITE::Factory 1 (1-storey shed)::RC columns front row - base stain band,Factory 1 (1-storey shed),,,CTX_FACTORY_RC_BASE,high / medium,60,30,30,0,60,-49367.774963378906,-37304.67224121094,-18454.538345336914,11907.441139221191,0.0,1500.0
229f8f45-7a8f-5973-89ee-05b40978a15d,site_context.glb/node/9/primitive/0,site_context.glb,Factory 1 (1-storey shed)|RC columns front row,SITE::Factory 1 (1-storey shed)::RC columns front row,Factory 1 (1-storey shed),,,CTX_FACTORY_RC,high / medium,60,30,30,0,60,-49367.774963378906,-37304.67224121094,-18454.538345336914,11907.441139221191,1500.0,10199.999809265137
7ee050a4-4e24-57c4-b824-6359d28d910c,site_context.glb/node/10/primitive/0,site_context.glb,Factory 1 (1-storey shed)|Front lintel beam,SITE::Factory 1 (1-storey shed)::Front lintel beam,Factory 1 (1-storey shed),,,CTX_FACTORY_RC,medium,24,12,12,0,24,-54134.342193603516,-32445.24383544922,-31565.439224243164,24983.92105102539,9399.999618530273,10199.999809265137
bb6e2e5a-e293-5c8a-b570-1dcaf3b01af2,site_context.glb/node/11/primitive/0,site_context.glb,Factory 1 (1-storey shed)|Canopy fascia + gutter,SITE::Factory 1 (1-storey shed)::Canopy fascia + gutter,Factory 1 (1-storey shed),,,CTX_CLADDING_RIB,medium,24,12,12,0,24,-53281.986236572266,-32012.58087158203,-31968.461990356445,24910.625457763672,10220.000267028809,10539.999961853027
b026612f-d6d0-564d-afcd-98ed3d79e111,site_context.glb/node/12/primitive/0,site_context.glb,Factory 1 (1-storey shed)|Canopy roof (front strip),SITE::Factory 1 (1-storey shed)::Canopy roof (front strip),Factory 1 (1-storey shed),,,CTX_ROOF_METAL,medium,4,2,2,0,4,-54551.795959472656,-32009.033203125,-31977.951049804688,25389.480590820312,10420.000076293945,10579.999923706055
5578d9ce-7a33-5f2c-b407-da61dc38fb46,site_context.glb/node/13/primitive/0,site_context.glb,Factory 1 (1-storey shed)|Canopy soffit,SITE::Factory 1 (1-storey shed)::Canopy soffit,Factory 1 (1-storey shed),,,CTX_BAY_VOID,medium,4,2,2,0,4,-54551.795959472656,-32009.033203125,-31977.951049804688,25389.480590820312,10270.000457763672,10430.000305175781
a9db5d25-2a93-5343-bca0-16005b6b8b76,site_context.glb/node/14/primitive/0,site_context.glb,Factory 1 (1-storey shed)|Ribbed cladding band (front),SITE::Factory 1 (1-storey shed)::Ribbed cladding band (front),Factory 1 (1-storey shed),,,CTX_CLADDING_RIB,medium,72,36,36,0,72,-78953.97186279297,-33485.45455932617,-31487.306594848633,34491.25671386719,10550.000190734863,13699.999809265137
ef0db964-ae54-5634-893b-d2cba2725116,site_context.glb/node/15/primitive/0,site_context.glb,Factory 1 (1-storey shed)|Band column strips (lighter),SITE::Factory 1 (1-storey shed)::Band column strips (lighter),Factory 1 (1-storey shed),,,CTX_FACTORY_RC,medium,120,60,60,0,120,-54431.43081665039,-33602.012634277344,-31063.735961914062,25021.1181640625,10550.000190734863,13649.999618530273
f2159e8e-cf40-59c9-8777-1c81b63ff2bb,site_context.glb/node/16/primitive/0,site_context.glb,Factory 1 (1-storey shed)|Ribbed cladding gables,SITE::Factory 1 (1-storey shed)::Ribbed cladding gables,Factory 1 (1-storey shed),,,CTX_CLADDING_RIB,low,6,2,2,0,6,-78933.11309814453,-33506.309509277344,-31431.047439575195,34434.99755859375,13699.999809265137,14000.0
f5fc4062-79bd-5d80-a101-c00c122bdd87,site_context.glb/node/17/primitive/0,site_context.glb,Factory 1 (1-storey shed)|Main roof (profiled metal),SITE::Factory 1 (1-storey shed)::Main roof (profiled metal),Factory 1 (1-storey shed),,,CTX_ROOF_METAL,medium,8,4,4,0,8,-79058.2046508789,-32724.64370727539,-31793.607711791992,34554.18014526367,13699.999809265137,14000.0
443d4e62-ed4b-5c37-be8f-c387f6aa407f,site_context.glb/node/18/primitive/0,site_context.glb,Factory 1 (1-storey shed)|Main roof soffit (dark interior),SITE::Factory 1 (1-storey shed)::Main roof soffit (dark interior),Factory 1 (1-storey shed),,,CTX_BAY_VOID,medium,8,4,4,0,8,-79058.2046508789,-32724.64370727539,-31793.607711791992,34554.18014526367,13350.000381469727,13649.999618530273
bba29b8c-b889-5034-9e5d-0f422fba1848,site_context.glb/node/19/primitive/0,site_context.glb,Factory 1 (1-storey shed)|Main roof gutters + eave fascia,SITE::Factory 1 (1-storey shed)::Main roof gutters + eave fascia,Factory 1 (1-storey shed),,,CTX_CLADDING_RIB,low,48,24,24,0,48,-79026.50451660156,-32728.20281982422,-31784.08432006836,34534.22927856445,13399.999618530273,13750.0
f07472f7-6c12-53e0-99e7-1fa25730c784,site_context.glb/node/20/primitive/0,site_context.glb,Factory 1 (1-storey shed)|Interior rear wall (dark),SITE::Factory 1 (1-storey shed)::Interior rear wall (dark),Factory 1 (1-storey shed),,,CTX_BAY_VOID,medium,24,12,12,0,24,-78891.34979248047,-57813.358306884766,-22324.005126953125,34322.36862182617,0.0,13699.999809265137
f635e7a3-bb7f-5531-915d-e9827f4b2755,site_context.glb/node/21/primitive/0,site_context.glb,Factory 1 (1-storey shed)|Roof frames + purlins (interior),SITE::Factory 1 (1-storey shed)::Roof frames + purlins (interior),Factory 1 (1-storey shed),,,CTX_STEEL_GREY,medium,648,324,324,0,648,-78692.27600097656,-33432.315826416016,-31084.93995666504,34014.766693115234,9500.0,13340.00015258789
f40d60cd-606f-5cff-ae02-6c73215eaa60,site_context.glb/node/22/primitive/0,site_context.glb,Factory 1 (1-storey shed)|Crane runway girders,SITE::Factory 1 (1-storey shed)::Crane runway girders,Factory 1 (1-storey shed),,,CTX_STEEL_GREY,medium,192,96,96,0,192,-77636.3754272461,-33911.50665283203,-30018.60809326172,32692.089080810547,8100.000381469727,8899.999618530273
31b6aca5-741c-550c-a7ba-dee8ee1d7b4a,site_context.glb/node/23/primitive/0,site_context.glb,Factory 1 (1-storey shed)|Overhead crane bridges,SITE::Factory 1 (1-storey shed)::Overhead crane bridges,Factory 1 (1-storey shed),,,CTX_SAFETY_YELLOW,medium,384,192,192,0,384,-67351.9287109375,-36204.917907714844,-25715.774536132812,25427.217483520508,5800.000190734863,9899.999618530273
069feb2a-2cd8-53ec-93b3-0c154618a403,site_context.glb/node/24/primitive/0,site_context.glb,Factory 1 (1-storey shed)|Overhead crane hoists,SITE::Factory 1 (1-storey shed)::Overhead crane hoists,Factory 1 (1-storey shed),,,CTX_STEEL_GREY,low,192,96,96,0,192,-63837.60452270508,-38702.26287841797,-18744.142532348633,21199.214935302734,6199.999809265137,9050.000190734863
2f744a38-7795-5adb-8905-74656460b50c,site_context.glb/node/25/primitive/0,site_context.glb,Factory 1 (1-storey shed)|Roof lattice towers (yellow) - chords,SITE::Factory 1 (1-storey shed)::Roof lattice towers (yellow) - chords,Factory 1 (1-storey shed),,,CTX_SAFETY_YELLOW,low,816,408,408,0,816,-61186.28692626953,-39547.26028442383,-28827.251434326172,27520.986557006836,13815.549850463867,19444.381713867188
843e84b1-d2b6-5b8d-9b6e-b1f2befb2a78,site_context.glb/node/26/primitive/0,site_context.glb,Factory 1 (1-storey shed)|Roof lattice towers (yellow) - lacing,SITE::Factory 1 (1-storey shed)::Roof lattice towers (yellow) - lacing,Factory 1 (1-storey shed),,,CTX_SAFETY_YELLOW,low,8328,4164,4164,0,8328,-61132.686614990234,-39600.86441040039,-28773.64730834961,27467.382431030273,13819.382667541504,19274.381637573242
8e54f74c-6b2d-5ec5-9090-0bbef8ab071b,site_context.glb/node/27/primitive/0,site_context.glb,Factory 1 (1-storey shed)|Roof lattice truss (grey),SITE::Factory 1 (1-storey shed)::Roof lattice truss (grey),Factory 1 (1-storey shed),,,STEEL_HDG,low,1992,996,996,0,1992,-60872.108459472656,-39870.13244628906,-28837.217330932617,27507.505416870117,18414.382934570312,19574.382781982422
6950e539-3631-540b-976d-37b4b8311bdc,site_context.glb/node/28/primitive/0,site_context.glb,Factory 2-storey west|RC columns,SITE::Factory 2-storey west::RC columns,Factory 2-storey west,,,CTX_RC_BARE,medium / low,1488,744,744,0,1488,-126627.98309326172,-58128.25012207031,-21978.10935974121,51761.05880737305,0.0,19000.0
25c73c93-a288-5242-b87f-cf68f5d0956b,site_context.glb/node/29/primitive/0,site_context.glb,Factory 2-storey west|RC slabs + spandrel beams,SITE::Factory 2-storey west::RC slabs + spandrel beams,Factory 2-storey west,,,CTX_RC_BARE,medium / low,1368,708,708,0,1368,-126627.98309326172,-58128.25012207031,-21978.10935974121,51761.05880737305,8300.000190734863,20799.999237060547
33066821-bb2b-5444-81f8-c0f34e7f96e4,site_context.glb/node/30/primitive/0,site_context.glb,Factory 2-storey west|RC cores,SITE::Factory 2-storey west::RC cores,Factory 2-storey west,,,CTX_RC_BARE,medium / low,48,24,24,0,48,-100078.7582397461,-66500.86212158203,-20939.130783081055,43617.16079711914,0.0,21000.0
441144ba-ae9b-56e3-92cb-265b92e3fc8f,site_context.glb/node/31/primitive/0,site_context.glb,"Factory 2-storey west|Yellow steel roof storey (open, under erection)","SITE::Factory 2-storey west::Yellow steel roof storey (open, under erection)",Factory 2-storey west,,,CTX_SAFETY_YELLOW,low,1032,516,516,0,1032,-126078.32336425781,-58677.90603637695,-21531.719207763672,51314.67056274414,19799.999237060547,24500.0
b3c216d6-4e38-5712-a6bb-7ffa80ab0044,site_context.glb/node/32/primitive/0,site_context.glb,Factory 2 north block|RC columns,SITE::Factory 2 north block::RC columns,Factory 2 north block,,,CTX_RC_BARE,low / medium,1296,648,648,0,1296,-113630.01251220703,-36283.35952758789,47604.57229614258,121318.87817382812,0.0,19000.0
5930cfac-2014-5bf9-a408-ba7e41f271ae,site_context.glb/node/33/primitive/0,site_context.glb,Factory 2 north block|RC slabs + spandrel beams,SITE::Factory 2 north block::RC slabs + spandrel beams,Factory 2 north block,,,CTX_RC_BARE,low / medium,456,228,228,0,456,-113630.01251220703,-36283.35952758789,47604.57229614258,121318.87817382812,8300.000190734863,20799.999237060547
fdbbaeee-38eb-5420-b97e-5823afb95174,site_context.glb/node/34/primitive/0,site_context.glb,"Factory 2 north block|Yellow steel roof storey (open, under erection)","SITE::Factory 2 north block::Yellow steel roof storey (open, under erection)",Factory 2 north block,,,CTX_SAFETY_YELLOW,low,1128,564,564,0,1128,-112902.32849121094,-36812.19482421875,48103.904724121094,120664.96276855469,19799.999237060547,24500.0
1bc6f376-a472-5104-a0bd-794576d5ab0b,site_context.glb/node/35/primitive/0,site_context.glb,Factory 2 north block|External steel stair,SITE::Factory 2 north block::External steel stair,Factory 2 north block,,,CTX_STEEL_GREY,low,384,192,192,0,384,-73899.05548095703,-65231.842041015625,47514.32800292969,53112.95700073242,0.0,20899.999618530273
c73e5d4f-1d7e-5337-b7db-8d986d7bf623,site_context.glb/node/36/primitive/0,site_context.glb,Accessway truss canopy|Steel posts (H-section),SITE::Accessway truss canopy::Steel posts (H-section),Accessway truss canopy,,,CTX_STEEL_GREY,low,288,144,144,0,288,-63100.7194519043,-50955.02471923828,33839.393615722656,48332.523345947266,0.0,7449.999809265137
520ca155-a324-5063-b31a-52cf07e408b6,site_context.glb/node/37/primitive/0,site_context.glb,Accessway truss canopy|Lattice girders + trusses,SITE::Accessway truss canopy::Lattice girders + trusses,Accessway truss canopy,,,CTX_STEEL_GREY,low,2160,1080,1080,0,2160,-62866.302490234375,-51189.4416809082,33926.2809753418,48245.635986328125,7380.000114440918,8880.000114440918
264c33e8-764a-5822-9a41-1bf6636a3f0b,site_context.glb/node/38/primitive/0,site_context.glb,Accessway truss canopy|Roof sheet (profiled metal),SITE::Accessway truss canopy::Roof sheet (profiled metal),Accessway truss canopy,,,CTX_ROOF_METAL,low,20,10,10,0,20,-63614.803314208984,-50440.940856933594,33325.30975341797,48846.60720825195,8920.000076293945,9000.0
1ecc6572-d93b-5ee4-8f73-77cdf37726eb,site_context.glb/node/39/primitive/0,site_context.glb,Accessway truss canopy|Roof underside (dark),SITE::Accessway truss canopy::Roof underside (dark),Accessway truss canopy,,,CTX_BAY_VOID,low,20,10,10,0,20,-63614.803314208984,-50440.940856933594,33325.30975341797,48846.60720825195,8880.000114440918,8920.000076293945
dec9121e-349c-5d01-a653-bf13c3c9390b,site_context.glb/node/40/primitive/0,site_context.glb,Accessway truss canopy|ESE end tarp (dark),SITE::Accessway truss canopy::ESE end tarp (dark),Accessway truss canopy,,,CTX_BAY_VOID,low,24,12,12,0,24,-52308.223724365234,-51228.06930541992,42390.201568603516,45217.09060668945,2200.000047683716,7449.999809265137
3e316bfc-1d82-52b9-9cc4-8783aebc089d,site_context.glb/node/41/primitive/0,site_context.glb,Accessway truss canopy|ESE end red panel,SITE::Accessway truss canopy::ESE end red panel,Accessway truss canopy,,,CTX_STILLAGE_RED,low,24,12,12,0,24,-52399.74594116211,-51490.61584472656,43050.113677978516,45328.304290771484,0.0,2200.000047683716
a9f6a277-7f90-527a-b600-eaf02e7cca2d,site_context.glb/node/42/primitive/0,site_context.glb,Boundary hoarding|Corrugated sheet,SITE::Boundary hoarding::Corrugated sheet,Boundary hoarding,,,CTX_HOARDING,medium,96,48,48,0,96,6121.000289916992,128902.57263183594,-61766.30401611328,185608.62731933594,-250.0,2400.0000953674316
1c5a8ece-6738-507c-a4ee-1f58a9d88a75,site_context.glb/node/43/primitive/0,site_context.glb,Boundary hoarding|Top capping,SITE::Boundary hoarding::Top capping,Boundary hoarding,,,CTX_HOARDING,medium,96,48,48,0,96,6052.068710327148,128933.73107910156,-61780.09796142578,185642.76123046875,2400.0000953674316,2460.0000381469727
8ba459c1-3346-57d8-9e84-b6c5e6ac3bb7,site_context.glb/node/44/primitive/0,site_context.glb,Boundary hoarding|Posts + rails (yard side),SITE::Boundary hoarding::Posts + rails (yard side),Boundary hoarding,,,STEEL_HDG,low,3048,1524,1524,0,3048,5960.1593017578125,128885.25390625,-61794.52896118164,185705.47485351562,-200.00000298023224,2380.000114440918
2461b579-b142-5bc4-98c9-c35ff884a469,site_context.glb/node/45/primitive/0,site_context.glb,Boundary hoarding|SSW chain-link fence - posts + top rail,SITE::Boundary hoarding::SSW chain-link fence - posts + top rail,Boundary hoarding,,,STEEL_HDG,medium / low,2088,1874,1874,0,2088,-185489.24255371094,6194.347381591797,-61755.70297241211,9290.604591369629,-200.00000298023224,1850.000023841858
e9b5ccf0-b283-5940-a5bd-335a4db63a52,site_context.glb/node/46/primitive/0,site_context.glb,Boundary hoarding|SSW chain-link fence - mesh panel,SITE::Boundary hoarding::SSW chain-link fence - mesh panel,Boundary hoarding,,,CTX_FENCE_MESH,medium,4,2,2,0,4,-185464.4012451172,6134.787082672119,-61760.39505004883,9201.521873474121,29.999999329447746,1799.9999523162842
44ca46a0-fffb-5448-8067-529c7e4bde8d,site_context.glb/node/47/primitive/0,site_context.glb,Boundary hoarding|Entrance gate (palisade),SITE::Boundary hoarding::Entrance gate (palisade),Boundary hoarding,,,CTX_GATE_BROWN,medium / low,3024,1512,1512,0,3024,25073.19450378418,32233.062744140625,-18936.731338500977,-4211.976051330566,-200.00000298023224,2549.999952316284
244be9f8-d3ee-5180-8ae1-7fc669f68a37,site_context.glb/node/48/primitive/0,site_context.glb,Gantry crane|A-frame legs (tapered box),SITE::Gantry crane::A-frame legs (tapered box),Gantry crane,,,CTX_GANTRY_LEG,medium / low,96,48,48,0,96,-3560.650110244751,11513.031959533691,-19005.056381225586,8059.399604797363,890.0433778762817,9545.930862426758
c8ea6d92-173d-5eae-8168-c30b9c196cd5,site_context.glb/node/49/primitive/0,site_context.glb,Gantry crane|End carriages + leg heads,SITE::Gantry crane::End carriages + leg heads,Gantry crane,,,CTX_GANTRY_LEG,medium / low,96,48,48,0,96,-4183.858871459961,12136.240005493164,-19304.8038482666,8359.147071838379,119.99999731779099,10000.0
74c2cd5c-aebc-5e1e-aa3f-6911e17d2350,site_context.glb/node/50/primitive/0,site_context.glb,Gantry crane|Wheels,SITE::Gantry crane::Wheels,Gantry crane,,,CTX_STEEL_GREY,low,96,48,48,0,96,-4041.7613983154297,11994.142532348633,-19074.190139770508,8128.533363342285,0.0,620.0000047683716
de682c5a-cd06-5e4c-a731-28b33adb3113,site_context.glb/node/51/primitive/0,site_context.glb,Gantry crane|Box girder,SITE::Gantry crane::Box girder,Gantry crane,,,CTX_GANTRY_GIRDER,medium / low,24,12,12,0,24,-1416.271686553955,9368.653297424316,-19039.291381835938,8093.635559082031,10000.0,11399.999618530273
c864706d-37bf-5501-862d-c9471b7abf49,site_context.glb/node/52/primitive/0,site_context.glb,Gantry crane|Girder stiffeners + flange lips,SITE::Gantry crane::Girder stiffeners + flange lips,Gantry crane,,,CTX_GANTRY_GIRDER,low,936,468,468,0,936,-1494.036078453064,9446.417808532715,-18987.232208251953,8041.5754318237305,9970.000267028809,11350.000381469727
6066ce4b-0390-5c99-bd7e-4f021647c070,site_context.glb/node/53/primitive/0,site_context.glb,Gantry crane|Hoist trolley,SITE::Gantry crane::Hoist trolley,Gantry crane,,,CTX_STEEL_GREY,low,112,72,72,0,112,-2111.0095977783203,5319.133758544922,-19474.998474121094,-3049.875497817993,8949.999809265137,11899.999618530273
b205ca9d-1e34-5e42-a7b8-aae6a37e9fc9,site_context.glb/node/54/primitive/0,site_context.glb,Gantry crane|Hoist maintenance cage,SITE::Gantry crane::Hoist maintenance cage,Gantry crane,,,STEEL_HDG,low,312,156,156,0,312,3182.7874183654785,5763.708114624023,-5540.289402008057,-2723.3235836029053,7900.000095367432,9949.999809265137
2b473476-1f95-5b5f-a8fe-4ba4a3772818,site_context.glb/node/55/primitive/0,site_context.glb,Gantry crane|Wire ropes + festoon cable,SITE::Gantry crane::Wire ropes + festoon cable,Gantry crane,,,SEALANT_BLACK,low,1800,900,900,0,1800,-1555.798888206482,8195.453643798828,-18361.787796020508,7902.700424194336,5900.000095367432,10159.99984741211
77f23b10-8165-56ee-8d37-f07b55dd27fe,site_context.glb/node/56/primitive/0,site_context.glb,Gantry crane|Hook block,SITE::Gantry crane::Hook block,Gantry crane,,,CTX_SAFETY_YELLOW,low,48,24,24,0,48,4246.760845184326,4699.734687805176,-4393.699645996094,-3869.91286277771,5050.000190734863,5949.999809265137
102760a2-f3e6-53bf-a504-87872d23609d,site_context.glb/node/57/primitive/0,site_context.glb,Gantry crane|Leg-head platform + railing,SITE::Gantry crane::Leg-head platform + railing,Gantry crane,,,CTX_GANTRY_LEG,low,192,96,96,0,192,-2467.067241668701,374.1547167301178,-20237.61558532715,-17809.473037719727,8949.999809265137,10100.000381469727
62c7e612-01f2-5fd5-a8aa-4e8e201b08b0,site_context.glb/node/58/primitive/0,site_context.glb,Gantry crane|Floodlight on leg head,SITE::Gantry crane::Floodlight on leg head,Gantry crane,,,CTX_LAMP,low,24,12,12,0,24,578.3700942993164,1029.3290615081787,-18641.830444335938,-18110.702514648438,11624.391555786133,11995.60832977295
135be4af-0188-5ea9-880c-c922f2479197,site_context.glb/node/59/primitive/0,site_context.glb,High masts|Galvanised poles,SITE::High masts::Galvanised poles,High masts,,,STEEL_HDG,medium / low,180,138,138,0,180,-47973.358154296875,34557.838439941406,-36065.32669067383,9036.68212890625,300.00001192092896,14000.0
38531cdf-b20b-53aa-b685-53eed43cd8fd,site_context.glb/node/60/primitive/0,site_context.glb,High masts|Plinths,SITE::High masts::Plinths,High masts,,,RC_PLAIN,low,72,36,36,0,72,-48191.84494018555,34776.32522583008,-36283.8134765625,9255.167961120605,0.0,300.00001192092896
691e045f-c1aa-524e-b2c7-32edc32d6be7,site_context.glb/node/61/primitive/0,site_context.glb,High masts|Lamp heads,SITE::High masts::Lamp heads,High masts,,,CTX_STEEL_GREY,medium,432,216,216,0,432,-47879.40979003906,34463.890075683594,-36617.98858642578,9589.341163635254,13480.757713317871,14100.000381469727
e5730263-bfa9-5210-b2a1-a498d1d45cd0,site_context.glb/node/62/primitive/0,site_context.glb,High masts|Lamp lenses,SITE::High masts::Lamp lenses,High masts,,,CTX_LAMP,medium,288,144,144,0,288,-47800.10223388672,34384.58251953125,-36590.96908569336,9562.325477600098,13492.779731750488,13748.21949005127
32735e5e-de39-5ba0-bdf9-8e8f1f8762b6,site_context.glb/node/63/primitive/0,site_context.glb,Containers + site office|Container corner posts + door bars,SITE::Containers + site office::Container corner posts + door bars,Containers + site office,,,CTX_STEEL_GREY,low,984,492,492,0,984,-36506.080627441406,18241.76597595215,-32159.332275390625,-9818.445205688477,0.0,2905.9998989105225
09040818-cb32-5273-886c-24824c92a255,site_context.glb/node/64/primitive/0,site_context.glb,Containers + site office|Container 1 body (40 ft HC),SITE::Containers + site office::Container 1 body (40 ft HC),Containers + site office,,,CTX_CONTAINER_WHITE,medium / low,2040,1020,1020,0,2040,-36493.228912353516,-24188.077926635742,-16424.388885498047,-9831.296920776367,0.0,2895.9999084472656
ba5f24ad-5659-5686-9b91-21482479a4fa,site_context.glb/node/65/primitive/0,site_context.glb,Containers + site office|Container 2 body (40 ft HC),SITE::Containers + site office::Container 2 body (40 ft HC),Containers + site office,,,CTX_CONTAINER_GREY,medium / low,2040,1020,1020,0,2040,-24451.074600219727,-12145.925521850586,-20887.87841796875,-14294.78645324707,0.0,2895.9999084472656
6c7d7d9b-d513-5622-8823-86cd64cb6c80,site_context.glb/node/66/primitive/0,site_context.glb,Containers + site office|Container 3 body (40 ft HC),SITE::Containers + site office::Container 3 body (40 ft HC),Containers + site office,,,CTX_CONTAINER_WHITE,medium / low,2040,1020,1020,0,2040,-12408.923149108887,-103.77344489097595,-25351.367950439453,-18758.275985717773,0.0,2895.9999084472656
d4f81e23-9d0c-54d7-8d4a-79653359343a,site_context.glb/node/67/primitive/0,site_context.glb,Containers + site office|Container 4 body (40 ft HC),SITE::Containers + site office::Container 4 body (40 ft HC),Containers + site office,,,CTX_CONTAINER_GREY,medium / low,2040,1020,1020,0,2040,-366.77125096321106,11938.37833404541,-29814.857482910156,-23221.765518188477,0.0,2895.9999084472656
d76b6555-8ad6-5f85-8ad9-e8313e82bfe1,site_context.glb/node/68/primitive/0,site_context.glb,Containers + site office|Container 5 body (site office 20 ft),SITE::Containers + site office::Container 5 body (site office 20 ft),Containers + site office,,,CTX_CONTAINER_WHITE,medium / low,984,492,492,0,984,11675.38070678711,18228.914260864258,-32146.480560302734,-27685.25505065918,0.0,2591.0000801086426
903ecd76-70d5-5dd4-8858-380d18d516c3,site_context.glb/node/69/primitive/0,site_context.glb,Containers + site office|Site office window + door,SITE::Containers + site office::Site office window + door,Containers + site office,,,CTX_BAY_VOID,low,48,24,24,0,48,12515.656471252441,16420.854568481445,-31828.933715820312,-30349.098205566406,100.00000149011612,2150.0000953674316
e0a168de-4596-5e4c-b2cc-8dd92e825ef3,site_context.glb/node/70/primitive/0,site_context.glb,Containers + site office|Site office window AC unit,SITE::Containers + site office::Site office window AC unit,Containers + site office,,,CTX_CONTAINER_WHITE,medium,24,12,12,0,24,13931.026458740234,14758.41236114502,-31746.36459350586,-30954.383850097656,1799.9999523162842,2250.0
6d373af9-dff2-5bec-99dd-8612e7d640fc,site_context.glb/node/71/primitive/0,site_context.glb,Containers + site office|Site office DB box,SITE::Containers + site office::Site office DB box,Containers + site office,,,CTX_STEEL_GREY,low,24,12,12,0,24,13408.831596374512,13933.270454406738,-31027.9483795166,-30704.14924621582,1100.000023841858,1750.0
e733fc80-9ccd-510c-8cff-827710204acb,site_context.glb/node/72/primitive/0,site_context.glb,Containers + site office|Site office DB sockets,SITE::Containers + site office::Site office DB sockets,Containers + site office,,,CTX_STILLAGE_RED,low,48,24,24,0,48,13576.560974121094,13702.981948852539,-30990.04554748535,-30910.831451416016,1200.0000476837158,1500.0
0c532c40-d924-50b9-ac54-0bfc94c9a76c,site_context.glb/node/73/primitive/0,site_context.glb,Temporary steel viewing platform|Deck (chequer plate),SITE::Temporary steel viewing platform::Deck (chequer plate),Temporary steel viewing platform,,,STEEL_HDG,medium / low,24,12,12,0,24,-26660.77423095703,-2421.8192100524902,-38882.328033447266,-27764.297485351562,2880.000114440918,3000.0
f483df76-f531-5b20-950a-6b11c8f635fe,site_context.glb/node/74/primitive/0,site_context.glb,Temporary steel viewing platform|Frame (posts + bracing),SITE::Temporary steel viewing platform::Frame (posts + bracing),Temporary steel viewing platform,,,STEEL_HDG,low,1848,924,924,0,1848,-26712.182998657227,-2370.410680770874,-38933.73489379883,-27712.888717651367,0.0,2880.000114440918
c10b8605-6ce9-5cac-8f44-e543c5653e1c,site_context.glb/node/75/primitive/0,site_context.glb,Temporary steel viewing platform|Guardrails + toe boards,SITE::Temporary steel viewing platform::Guardrails + toe boards,Temporary steel viewing platform,,,CTX_SAFETY_YELLOW,low,1032,516,516,0,1032,-26659.03663635254,-2423.5568046569824,-39846.87042236328,-27766.035079956055,0.0,4099.999904632568
c5d8007e-71b1-5d20-8130-7cca8efd39ff,site_context.glb/node/76/primitive/0,site_context.glb,Temporary steel viewing platform|Stair,SITE::Temporary steel viewing platform::Stair,Temporary steel viewing platform,,,STEEL_HDG,low,456,228,228,0,456,-7904.842376708984,-3421.1361408233643,-39867.00439453125,-37347.72491455078,36.06901690363884,3083.9309692382812
1b122c10-32d4-59c3-a970-09b751e60530,site_context.glb/node/77/primitive/0,site_context.glb,Material storage (stillages)|Red stillages,SITE::Material storage (stillages)::Red stillages,Material storage (stillages),,,CTX_STILLAGE_RED,medium / low,2112,1056,1056,0,2112,-44645.70236206055,-30584.447860717773,-44892.0783996582,-36257.90023803711,0.0,1100.000023841858
3377b777-800a-54f5-b36c-27c40ead353e,site_context.glb/node/78/primitive/0,site_context.glb,Material storage (stillages)|Aluminium stock (extrusions),SITE::Material storage (stillages)::Aluminium stock (extrusions),Material storage (stillages),,,AL_MILL,low,1440,720,720,0,1440,-44788.05160522461,-30442.09861755371,-44839.69497680664,-36310.28747558594,219.9999988079071,850.0000238418579
